transaction_id,merchant_id,merchant_name,product_external_id,product_name,product_url,quantity,product_sub_total,product_total,product_unit_price,eligibility
253-1868126-1324382,44,Amazon,B01MZZZE9W,"Wemo Mini Smart Plug, WiFi Enabled, Works with Alexa, Google Assistant",https://www.amazon.com/product/B01MZZZE9W,2,45.98,45.98,22.99,
253-1868126-1324382,44,Amazon,B00DIFIO8E,SanDisk 128GB Ultra MicroSDXC UHS-I Memory Card with Adapter,https://www.amazon.com/product/B00DIFIO8E,1,24.99,24.99,24.99,
253-1868126-1324382,44,Amazon,B00RI3CKH8,Logitech C920e HD 1080p Mic-Integrated Webcam,https://www.amazon.com/product/B00RI3CKH8,1,59.99,59.99,59.99,
253-1868126-1324382,44,Amazon,B07H8FNXRZ,"Hydro Flask Wide Mouth Water Bottle with Flex Cap, Stainless Steel, Reusable",https://www.amazon.com/product/B07H8FNXRZ,2,79.90,79.90,39.95,
253-1868126-1324382,44,Amazon,B07Y3B7YKG,Ring Video Doorbell 3,https://www.amazon.com/product/B07Y3B7YKG,1,119.99,119.99,119.99,
253-1868126-1324382,44,Amazon,B06XQCHX1D,Echo Dot (3rd Gen) - Smart speaker with Alexa - Charcoal,https://www.amazon.com/product/B06XQCHX1D,1,39.99,39.99,39.99,
253-1868126-1324382,44,Amazon,B08V2CCPN4,Flint Pro Plus Premium Dental Guard - night guard for teeth grinding,https://www.amazon.com/product/B08V2CCPN4,1,29.99,29.99,29.99,FSA_HSA
253-1868126-1324382,44,Amazon,B00BR5UEZ4,Sony SRS-XB23 Wireless Bluetooth Portable Speaker,https://www.amazon.com/product/B00BR5UEZ4,1,79.99,79.99,79.99,
253-1868126-1324382,44,Amazon,B06ZXYVZ1G,Ray-Ban Rb2132 New Wayfarer Sunglasses,https://www.amazon.com/product/B06ZXYVZ1G,3,299.97,299.97,99.99,
253-1868126-1324382,44,Amazon,B0785SZFTK,"Instant Pot Duo 7-in-1 Electric Pressure Cooker, Sterilizer, Slow Cooker, Rice Cooker",https://www.amazon.com/product/B0785SZFTK,1,89.00,89.00,89.00,
253-1868126-1324382,44,Amazon,B01LYT95XR,"Etekcity Infrared Thermometer Lasergrip 1080, Non-Contact Digital Laser Temperature Gun",https://www.amazon.com/product/B01LYT95XR,1,17.99,17.99,17.99,FSA_HSA
253-1868126-1324382,44,Amazon,B07KBRC62B,Oculus Quest All-in-one VR Gaming Headset – 64GB,https://www.amazon.com/product/B07KBRC62B,2,199.98,199.98,99.99,
253-1868126-1324382,44,Amazon,B08L9DRLL9,"Ewedoos Yoga Mat with Alignment Lines, Eco-Friendly TPE Yoga Mat",https://www.amazon.com/product/B08L9DRLL9,3,89.85,89.85,29.95,
253-1868126-1324382,44,Amazon,B078GYX6B9,Spigen Tough Armor Designed for Apple iPhone 12 (2020) - Black,https://www.amazon.com/product/B078GYX6B9,1,15.99,15.99,15.99,
589-6786446-2113853,44,Amazon,B06XX2GBNH,"Furbo Dog Camera: Treat Tossing, Full HD Wifi Pet Camera and 2-Way Audio",https://www.amazon.com/product/B06XX2GBNH,1,119.00,119.00,119.00,
589-6786446-2113853,44,Amazon,B0785SZFTK-d3f9,"Instant Pot Duo 7-in-1 Electric Pressure Cooker, Sterilizer, Slow Cooker, Rice Cooker",https://www.amazon.com/product/B0785SZFTK-d3f9,1,89.00,89.00,89.00,
589-6786446-2113853,44,Amazon,B074TBCSC8,"Vitamix E310 Explorian Blender, Professional-Grade, 48 oz. Container",https://www.amazon.com/product/B074TBCSC8,1,149.00,149.00,149.00,
589-6786446-2113853,44,Amazon,B07Y3B7YKG-1ea6,Ring Video Doorbell 3,https://www.amazon.com/product/B07Y3B7YKG-1ea6,1,119.99,119.99,119.99,
589-6786446-2113853,44,Amazon,B06XWZWYVP,"Garmin Forerunner 35, GPS Running Watch with Wrist-Based Heart Rate",https://www.amazon.com/product/B06XWZWYVP,1,99.99,99.99,99.99,
589-6786446-2113853,44,Amazon,B0799Q6P7B,AmazonBasics Lightweight Super Soft Easy Care Microfiber Bed Sheet Set,https://www.amazon.com/product/B0799Q6P7B,1,20.99,20.99,20.99,
589-6786446-2113853,44,Amazon,B06ZXYVZ1G-2478,Ray-Ban Rb2132 New Wayfarer Sunglasses,https://www.amazon.com/product/B06ZXYVZ1G-2478,1,99.99,99.99,99.99,
589-6786446-2113853,44,Amazon,B08NGYHV5X,"SAMSUNG EVO Select Micro SD-Memory-Card + Adapter, 32GB",https://www.amazon.com/product/B08NGYHV5X,1,7.99,7.99,7.99,
589-6786446-2113853,44,Amazon,B08NTV2PZD,Logitech M510 Wireless Computer Mouse for PC with USB Unifying Receiver,https://www.amazon.com/product/B08NTV2PZD,2,39.98,39.98,19.99,
589-6786446-2113853,44,Amazon,B07H5G1PF3,Genius Conscious V Shape Electric Toothbrush with Case,https://www.amazon.com/product/B07H5G1PF3,1,44.99,44.99,44.99,FSA_HSA
589-6786446-2113853,44,Amazon,B08933YTGQ,PURA D'OR Original Gold Label Anti-Thinning Biotin Shampoo,https://www.amazon.com/product/B08933YTGQ,2,59.98,59.98,29.99,
833-2888287-1265341,44,Amazon,B07RGLQQZN,"Tide Pods Laundry Detergent Soap Pods, Spring Meadow, 81 count",https://www.amazon.com/product/B07RGLQQZN,1,19.99,19.99,19.99,
833-2888287-1265341,44,Amazon,B09157Z7YH,"COLMO Gel Eye Drops for Redness Relief, Lubricant/Redness Reliever",https://www.amazon.com/product/B09157Z7YH,1,13.99,13.99,13.99,FSA_HSA
833-2888287-1265341,44,Amazon,B07P7VHYLP,Nike Performance Cushion Crew Socks (6 Pairs),https://www.amazon.com/product/B07P7VHYLP,1,22.97,22.97,22.97,
833-2888287-1265341,44,Amazon,B07ZZY48R2,RTX 3080 Gaming GPU for an Unmatched Performance in Games and Creative Work,https://www.amazon.com/product/B07ZZY48R2,1,149.99,149.99,149.99,
708-5527265-7775521,44,Amazon,B01LW1566E,Care Touch Digital Thermometer for Quick and Accurate Readings,https://www.amazon.com/product/B01LW1566E,2,19.98,19.98,9.99,FSA_HSA
708-5527265-7775521,44,Amazon,B071Y34BLM,Graco Extend2Fit Convertible Car Seat,https://www.amazon.com/product/B071Y34BLM,1,149.99,149.99,149.99,
708-5527265-7775521,44,Amazon,B00DIFIO8E-e6b9,SanDisk 128GB Ultra MicroSDXC UHS-I Memory Card with Adapter,https://www.amazon.com/product/B00DIFIO8E-e6b9,3,74.97,74.97,24.99,
708-5527265-7775521,44,Amazon,B07KBRC62B-e130,Oculus Quest All-in-one VR Gaming Headset – 64GB,https://www.amazon.com/product/B07KBRC62B-e130,1,99.99,99.99,99.99,
708-5527265-7775521,44,Amazon,B09HZH51P2,Ninja Professional 72 Oz Countertop Blender with 1000-Watt Base,https://www.amazon.com/product/B09HZH51P2,2,179.98,179.98,89.99,
708-5527265-7775521,44,Amazon,B07YRLZ72Y,"Olay Regenerist Micro-Sculpting Cream Face Moisturizer, 1.7 oz",https://www.amazon.com/product/B07YRLZ72Y,2,45.98,45.98,22.99,
708-5527265-7775521,44,Amazon,B01MAY00OG,"Blue Diamond Almonds, Low Sodium Lightly Salted, 25 Ounce",https://www.amazon.com/product/B01MAY00OG,1,9.08,9.08,9.08,
708-5527265-7775521,44,Amazon,B078GYX6B9-b7b4,Spigen Tough Armor Designed for Apple iPhone 12 (2020) - Black,https://www.amazon.com/product/B078GYX6B9-b7b4,2,31.98,31.98,15.99,
708-5527265-7775521,44,Amazon,B071918JN3,L'Oréal Paris Makeup Voluminous Lash Paradise Waterproof Mascara,https://www.amazon.com/product/B071918JN3,3,26.91,26.91,8.97,
708-5527265-7775521,44,Amazon,B07XM7F6GS,Lodge Pre-Seasoned Cast Iron Reversible Grill/Griddle With Handles,https://www.amazon.com/product/B07XM7F6GS,1,29.90,29.90,29.90,
708-5527265-7775521,44,Amazon,B08V2CCPN4-d4af,Flint Pro Plus Premium Dental Guard - night guard for teeth grinding,https://www.amazon.com/product/B08V2CCPN4-d4af,1,29.99,29.99,29.99,FSA_HSA
708-5527265-7775521,44,Amazon,B00BYNL3Z8,"Zojirushi Stainless Steel Vacuum Insulated Tumbler, 16 oz, Dark Cocoa",https://www.amazon.com/product/B00BYNL3Z8,1,29.99,29.99,29.99,
708-5527265-7775521,44,Amazon,B0932742M8,"ASUS ZenBook Duo UX481 14” FHD NanoEdge Bezel Touch, Intel Core i7-10510U, 8GB RAM",https://www.amazon.com/product/B0932742M8,1,140.99,140.99,140.99,
708-5527265-7775521,44,Amazon,B07P7VHYLP-bf5a,Nike Performance Cushion Crew Socks (6 Pairs),https://www.amazon.com/product/B07P7VHYLP-bf5a,2,45.94,45.94,22.97,
253-6341150-2283771,44,Amazon,B07TGH17V9,"YETI Rambler 20 oz Tumbler, Stainless Steel, Vacuum Insulated with Standard Lid",https://www.amazon.com/product/B07TGH17V9,1,34.99,34.99,34.99,
253-6341150-2283771,44,Amazon,B07KBRC62B-8476,Oculus Quest All-in-one VR Gaming Headset – 64GB,https://www.amazon.com/product/B07KBRC62B-8476,2,199.98,199.98,99.99,
253-6341150-2283771,44,Amazon,B08D96HRTN,"Sun Bum Original Moisturizing Sunscreen Lotion, SPF 50",https://www.amazon.com/product/B08D96HRTN,1,10.99,10.99,10.99,FSA_HSA
253-6341150-2283771,44,Amazon,B01MD0TS40,Mumba Case Compatible with Apple AirPods Pro 2019,https://www.amazon.com/product/B01MD0TS40,1,12.99,12.99,12.99,
253-6341150-2283771,44,Amazon,B00N2VNPJS,"Nature Made Vitamin D3, 1000 IU (25 mcg), 100 Softgels for Bone Health",https://www.amazon.com/product/B00N2VNPJS,2,14.98,14.98,7.49,FSA_HSA
253-6341150-2283771,44,Amazon,B07ZZY48R2-36d2,RTX 3080 Gaming GPU for an Unmatched Performance in Games and Creative Work,https://www.amazon.com/product/B07ZZY48R2-36d2,1,149.99,149.99,149.99,
253-6341150-2283771,44,Amazon,B00BYNL3Z8-833f,"Zojirushi Stainless Steel Vacuum Insulated Tumbler, 16 oz, Dark Cocoa",https://www.amazon.com/product/B00BYNL3Z8-833f,1,29.99,29.99,29.99,
253-6341150-2283771,44,Amazon,B06XX2GBNH-38ba,"Furbo Dog Camera: Treat Tossing, Full HD Wifi Pet Camera and 2-Way Audio",https://www.amazon.com/product/B06XX2GBNH-38ba,1,119.00,119.00,119.00,
253-6341150-2283771,44,Amazon,B071918JN3-f1e2,L'Oréal Paris Makeup Voluminous Lash Paradise Waterproof Mascara,https://www.amazon.com/product/B071918JN3-f1e2,1,8.97,8.97,8.97,
253-6341150-2283771,44,Amazon,B07RC61LLR,DYMO Label Maker | LabelManager 160 Portable Label Maker,https://www.amazon.com/product/B07RC61LLR,1,24.98,24.98,24.98,
253-6341150-2283771,44,Amazon,B07YNGCXGB,"Burt's Bees 100% Natural Moisturizing Lip Balm, Multipack with Peppermint & Rosemary",https://www.amazon.com/product/B07YNGCXGB,1,8.99,8.99,8.99,
253-6341150-2283771,44,Amazon,B0073FCPSK,Bed Head Wave Artist Deep Waver for Beachy Waves Generation II,https://www.amazon.com/product/B0073FCPSK,2,55.98,55.98,27.99,
253-6341150-2283771,44,Amazon,B07GQMP5QN,"Essentia Water 9.5 pH, 1 Liter Bottles, Pack of 6",https://www.amazon.com/product/B07GQMP5QN,1,13.97,13.97,13.97,
253-6341150-2283771,44,Amazon,B08WC3CKSB,Garden of Life Vitamin C - Vitamin Code Raw Vitamin C Whole Food Supplement,https://www.amazon.com/product/B08WC3CKSB,2,49.58,49.58,24.79,FSA_HSA
253-6341150-2283771,44,Amazon,B07H8FNXRZ-d608,"Hydro Flask Wide Mouth Water Bottle with Flex Cap, Stainless Steel, Reusable",https://www.amazon.com/product/B07H8FNXRZ-d608,2,79.90,79.90,39.95,
253-6341150-2283771,44,Amazon,B074TBCSC8-bd1c,"Vitamix E310 Explorian Blender, Professional-Grade, 48 oz. Container",https://www.amazon.com/product/B074TBCSC8-bd1c,3,447.00,447.00,149.00,
09f3cdc2-2443-4f64-ade7-5f897f25768e,165,Costco,1200200888,"Kirkland Signature Organic Marinara Sauce, 3 x 32 oz",https://www.costco.com/product/1200200888,1,8.99,8.99,8.99,
09f3cdc2-2443-4f64-ade7-5f897f25768e,165,Costco,1200200873,"Kirkland Signature Supreme Diapers Sizes 1-6, Various Sizes",https://www.costco.com/product/1200200873,1,38.99,38.99,38.99,
09f3cdc2-2443-4f64-ade7-5f897f25768e,165,Costco,1200200870,"Kirkland Signature Almond Milk, Unsweetened, 6 x 32 oz",https://www.costco.com/product/1200200870,2,23.98,23.98,11.99,
09f3cdc2-2443-4f64-ade7-5f897f25768e,165,Costco,1200200919,"Kirkland Signature Solid White Albacore Tuna, 8 Count",https://www.costco.com/product/1200200919,2,31.98,31.98,15.99,
09f3cdc2-2443-4f64-ade7-5f897f25768e,165,Costco,1200200857,"Kirkland Signature Organic Blueberries, 4 lb",https://www.costco.com/product/1200200857,1,10.99,10.99,10.99,
09f3cdc2-2443-4f64-ade7-5f897f25768e,165,Costco,1200200908,"NatureWell Clinical Retinol Advanced Moisture Cream, 16 oz",https://www.costco.com/product/1200200908,2,27.98,27.98,13.99,
ccb81f89-e910-4741-a9bf-7df173a7e4cc,165,Costco,1200200859,"Kirkland Signature Bath Tissue, 2-Ply, 30 Rolls",https://www.costco.com/product/1200200859,2,39.98,39.98,19.99,
ccb81f89-e910-4741-a9bf-7df173a7e4cc,165,Costco,1200200881,"Kirkland Signature Baby Wipes, Ultra Soft, 900 Count",https://www.costco.com/product/1200200881,1,19.99,19.99,19.99,
ccb81f89-e910-4741-a9bf-7df173a7e4cc,165,Costco,1200200920,"Nicorette Coated Ice Mint Nicotine Gum 4 mg, 160 Count",https://www.costco.com/product/1200200920,1,58.99,58.99,58.99,FSA_HSA
ccb81f89-e910-4741-a9bf-7df173a7e4cc,165,Costco,1200200885,Band-Aid Brand Assorted Size Bandages 4 Pack,https://www.costco.com/product/1200200885,1,14.99,14.99,14.99,FSA_HSA
ccb81f89-e910-4741-a9bf-7df173a7e4cc,165,Costco,1200200877,"Kirkland Signature Mature Multi Adult 50+ Multivitamin, 400 Tablets",https://www.costco.com/product/1200200877,1,15.99,15.99,15.99,
ccb81f89-e910-4741-a9bf-7df173a7e4cc,165,Costco,1200200884,"Arm & Hammer Plus OxiClean Laundry Detergent, 190 Loads",https://www.costco.com/product/1200200884,1,17.99,17.99,17.99,
ccb81f89-e910-4741-a9bf-7df173a7e4cc,165,Costco,1200200891,"Kirkland Signature Ultraclean Whitening Gel with Toothpaste, 120ml",https://www.costco.com/product/1200200891,2,22.98,22.98,11.49,
ccb81f89-e910-4741-a9bf-7df173a7e4cc,165,Costco,1200200910,"Kirkland Signature Organic Baby Spinach, 1 lb",https://www.costco.com/product/1200200910,2,9.98,9.98,4.99,
ccb81f89-e910-4741-a9bf-7df173a7e4cc,165,Costco,1200200902,"Cold-eeze Cold Remedy Plus Zinc Supplement Lozenges, 100 Count",https://www.costco.com/product/1200200902,1,13.99,13.99,13.99,FSA_HSA
ccb81f89-e910-4741-a9bf-7df173a7e4cc,165,Costco,1200200908-889f,"NatureWell Clinical Retinol Advanced Moisture Cream, 16 oz",https://www.costco.com/product/1200200908-889f,1,13.99,13.99,13.99,
ccb81f89-e910-4741-a9bf-7df173a7e4cc,165,Costco,1200200865,"Kirkland Signature Ultra Clean Laundry Detergent, 146 Loads",https://www.costco.com/product/1200200865,2,31.98,31.98,15.99,
ccb81f89-e910-4741-a9bf-7df173a7e4cc,165,Costco,1200200880,"Kirkland Signature Cold Brew Coffee, 12 x 11 oz",https://www.costco.com/product/1200200880,1,15.99,15.99,15.99,
ccb81f89-e910-4741-a9bf-7df173a7e4cc,165,Costco,1200200918,"Kirkland Signature Quick Cook Organic Brown Basmati Rice, 12 lb",https://www.costco.com/product/1200200918,1,14.99,14.99,14.99,
ccb81f89-e910-4741-a9bf-7df173a7e4cc,165,Costco,1200200871,"Kirkland Signature Minoxidil Topical Solution, 5% for Men, 6 Month Supply",https://www.costco.com/product/1200200871,3,89.97,89.97,29.99,
ccb81f89-e910-4741-a9bf-7df173a7e4cc,165,Costco,1200200894,"Kirkland Signature Grade A Maple Syrup, 33.8 fl oz",https://www.costco.com/product/1200200894,1,12.99,12.99,12.99,
ccb81f89-e910-4741-a9bf-7df173a7e4cc,165,Costco,1200200870-9da4,"Kirkland Signature Almond Milk, Unsweetened, 6 x 32 oz",https://www.costco.com/product/1200200870-9da4,1,11.99,11.99,11.99,
f76307db-2ae2-4ce5-81ee-82b72d96123a,165,Costco,1200200871-3fba,"Kirkland Signature Minoxidil Topical Solution, 5% for Men, 6 Month Supply",https://www.costco.com/product/1200200871-3fba,1,29.99,29.99,29.99,
f76307db-2ae2-4ce5-81ee-82b72d96123a,165,Costco,1200200882,"Kirkland Signature Organic Whole Milk, 3 x 64 fl oz",https://www.costco.com/product/1200200882,1,10.49,10.49,10.49,
f76307db-2ae2-4ce5-81ee-82b72d96123a,165,Costco,1200200883,"Kirkland Signature Daily Facial Towelettes, 180-count",https://www.costco.com/product/1200200883,2,23.98,23.98,11.99,
f76307db-2ae2-4ce5-81ee-82b72d96123a,165,Costco,1200200904,"Kirkland Signature Organic Almonds, 3 lb",https://www.costco.com/product/1200200904,1,17.99,17.99,17.99,
f76307db-2ae2-4ce5-81ee-82b72d96123a,165,Costco,1200200860,"Kirkland Signature Quinoa Salad, 2 lb",https://www.costco.com/product/1200200860,1,8.99,8.99,8.99,
f76307db-2ae2-4ce5-81ee-82b72d96123a,165,Costco,1200200910-ba51,"Kirkland Signature Organic Baby Spinach, 1 lb",https://www.costco.com/product/1200200910-ba51,1,4.99,4.99,4.99,
f76307db-2ae2-4ce5-81ee-82b72d96123a,165,Costco,1200200909,Oral-B Electric Toothbrush Pro 1000 Model,https://www.costco.com/product/1200200909,1,49.99,49.99,49.99,FSA_HSA
f76307db-2ae2-4ce5-81ee-82b72d96123a,165,Costco,1200200887,"Jelly Belly 49 Flavors Jelly Beans, 4 lb Jar",https://www.costco.com/product/1200200887,1,19.99,19.99,19.99,
f76307db-2ae2-4ce5-81ee-82b72d96123a,165,Costco,1200200913,"Kirkland Signature Supreme Antibacterial Kitchen Cleaner, 4 Pack",https://www.costco.com/product/1200200913,1,14.99,14.99,14.99,
f76307db-2ae2-4ce5-81ee-82b72d96123a,165,Costco,1200200888-e551,"Kirkland Signature Organic Marinara Sauce, 3 x 32 oz",https://www.costco.com/product/1200200888-e551,1,8.99,8.99,8.99,
f76307db-2ae2-4ce5-81ee-82b72d96123a,165,Costco,1200200859-e1de,"Kirkland Signature Bath Tissue, 2-Ply, 30 Rolls",https://www.costco.com/product/1200200859-e1de,1,19.99,19.99,19.99,
f76307db-2ae2-4ce5-81ee-82b72d96123a,165,Costco,1200200866,"Kirkland Signature Prenatal Vitamins and Minerals, 300 Tablets",https://www.costco.com/product/1200200866,3,59.97,59.97,19.99,FSA_HSA
f76307db-2ae2-4ce5-81ee-82b72d96123a,165,Costco,1200200869,"Kirkland Signature Cheddar Cheese, 2 lb",https://www.costco.com/product/1200200869,1,13.99,13.99,13.99,
23813ae2-63c2-499f-9fa4-61442c3c3de7,165,Costco,1200200913-5f72,"Kirkland Signature Supreme Antibacterial Kitchen Cleaner, 4 Pack",https://www.costco.com/product/1200200913-5f72,1,14.99,14.99,14.99,
23813ae2-63c2-499f-9fa4-61442c3c3de7,165,Costco,1200200915,"Kirkland Signature Premium Beef Hot Dog, 3 lbs",https://www.costco.com/product/1200200915,1,9.99,9.99,9.99,
23813ae2-63c2-499f-9fa4-61442c3c3de7,165,Costco,1200200911,"Kirkland Signature Grilled Chicken Breast Strips, 3 lb",https://www.costco.com/product/1200200911,1,12.99,12.99,12.99,
23813ae2-63c2-499f-9fa4-61442c3c3de7,165,Costco,1200200860-c8db,"Kirkland Signature Quinoa Salad, 2 lb",https://www.costco.com/product/1200200860-c8db,1,8.99,8.99,8.99,
23813ae2-63c2-499f-9fa4-61442c3c3de7,165,Costco,1200200914,"Coppertone Sport Sunscreen Twin Pack SPF 50, 2 x 7 oz",https://www.costco.com/product/1200200914,1,14.99,14.99,14.99,FSA_HSA
23813ae2-63c2-499f-9fa4-61442c3c3de7,165,Costco,1200200904-c739,"Kirkland Signature Organic Almonds, 3 lb",https://www.costco.com/product/1200200904-c739,3,53.97,53.97,17.99,
23813ae2-63c2-499f-9fa4-61442c3c3de7,165,Costco,1200200912,"Zyrtec Allergy Relief Tablets 10 mg, 70 Count",https://www.costco.com/product/1200200912,1,24.99,24.99,24.99,FSA_HSA
23813ae2-63c2-499f-9fa4-61442c3c3de7,165,Costco,1200200873-6dd2,"Kirkland Signature Supreme Diapers Sizes 1-6, Various Sizes",https://www.costco.com/product/1200200873-6dd2,2,77.98,77.98,38.99,
23813ae2-63c2-499f-9fa4-61442c3c3de7,165,Costco,1200200857-e329,"Kirkland Signature Organic Blueberries, 4 lb",https://www.costco.com/product/1200200857-e329,1,10.99,10.99,10.99,
23813ae2-63c2-499f-9fa4-61442c3c3de7,165,Costco,1200200880-0768,"Kirkland Signature Cold Brew Coffee, 12 x 11 oz",https://www.costco.com/product/1200200880-0768,2,31.98,31.98,15.99,
23813ae2-63c2-499f-9fa4-61442c3c3de7,165,Costco,1200200866-703a,"Kirkland Signature Prenatal Vitamins and Minerals, 300 Tablets",https://www.costco.com/product/1200200866-703a,2,39.98,39.98,19.99,FSA_HSA
23813ae2-63c2-499f-9fa4-61442c3c3de7,165,Costco,1200200908-55a3,"NatureWell Clinical Retinol Advanced Moisture Cream, 16 oz",https://www.costco.com/product/1200200908-55a3,1,13.99,13.99,13.99,
23813ae2-63c2-499f-9fa4-61442c3c3de7,165,Costco,1200200899,"Kirkland Signature Calcium 600 mg with Vitamin D3, 500 Tablets",https://www.costco.com/product/1200200899,1,12.49,12.49,12.49,
23813ae2-63c2-499f-9fa4-61442c3c3de7,165,Costco,1200200918-45df,"Kirkland Signature Quick Cook Organic Brown Basmati Rice, 12 lb",https://www.costco.com/product/1200200918-45df,3,44.97,44.97,14.99,
23813ae2-63c2-499f-9fa4-61442c3c3de7,165,Costco,1200200892,"Tylenol Extra Strength Caplets, 500 caplets",https://www.costco.com/product/1200200892,2,37.98,37.98,18.99,
23813ae2-63c2-499f-9fa4-61442c3c3de7,165,Costco,1200200896,"Kirkland Signature Boneless Skinless Chicken Breast, 6.5 lb",https://www.costco.com/product/1200200896,1,24.99,24.99,24.99,
23813ae2-63c2-499f-9fa4-61442c3c3de7,165,Costco,1200200920-074e,"Nicorette Coated Ice Mint Nicotine Gum 4 mg, 160 Count",https://www.costco.com/product/1200200920-074e,1,58.99,58.99,58.99,FSA_HSA
7d0e6cf3-aaf6-4806-85dc-6595dc97c96e,165,Costco,1200200911-2c20,"Kirkland Signature Grilled Chicken Breast Strips, 3 lb",https://www.costco.com/product/1200200911-2c20,1,12.99,12.99,12.99,
7d0e6cf3-aaf6-4806-85dc-6595dc97c96e,165,Costco,1200200900,Venus Fly Trap Plant Starter Kit,https://www.costco.com/product/1200200900,3,89.97,89.97,29.99,
7d0e6cf3-aaf6-4806-85dc-6595dc97c96e,165,Costco,1200200861,"HP Envy 13.3-inch Touchscreen Laptop, Intel Core i7, 16GB RAM",https://www.costco.com/product/1200200861,1,149.99,149.99,149.99,
7d0e6cf3-aaf6-4806-85dc-6595dc97c96e,165,Costco,1200200879,"Pharmacy Crate CPAP Machine Cleaning Wipes, 80-count",https://www.costco.com/product/1200200879,1,8.99,8.99,8.99,FSA_HSA
7d0e6cf3-aaf6-4806-85dc-6595dc97c96e,165,Costco,1200200871-4c82,"Kirkland Signature Minoxidil Topical Solution, 5% for Men, 6 Month Supply",https://www.costco.com/product/1200200871-4c82,3,89.97,89.97,29.99,
7d0e6cf3-aaf6-4806-85dc-6595dc97c96e,165,Costco,1200200906,"Kirkland Signature Chocolate Chip Cookies, 24-pack",https://www.costco.com/product/1200200906,1,9.99,9.99,9.99,
7d0e6cf3-aaf6-4806-85dc-6595dc97c96e,165,Costco,1200200882-8d8c,"Kirkland Signature Organic Whole Milk, 3 x 64 fl oz",https://www.costco.com/product/1200200882-8d8c,1,10.49,10.49,10.49,
7d0e6cf3-aaf6-4806-85dc-6595dc97c96e,165,Costco,1200200875,"Kirkland Signature 100% Colombian Coffee, 3 lb",https://www.costco.com/product/1200200875,1,14.99,14.99,14.99,
7d0e6cf3-aaf6-4806-85dc-6595dc97c96e,165,Costco,1200200914-4846,"Coppertone Sport Sunscreen Twin Pack SPF 50, 2 x 7 oz",https://www.costco.com/product/1200200914-4846,1,14.99,14.99,14.99,FSA_HSA
7d0e6cf3-aaf6-4806-85dc-6595dc97c96e,165,Costco,1200200908-fe5d,"NatureWell Clinical Retinol Advanced Moisture Cream, 16 oz",https://www.costco.com/product/1200200908-fe5d,1,13.99,13.99,13.99,
7d0e6cf3-aaf6-4806-85dc-6595dc97c96e,165,Costco,1200200881-a365,"Kirkland Signature Baby Wipes, Ultra Soft, 900 Count",https://www.costco.com/product/1200200881-a365,3,59.97,59.97,19.99,
9446311,19,Doordash,10736257063,"Pedialyte Electrolyte Solution, Strawberry, 1 Liter",https://www.doordash.com/product/10736257063,1,5.99,5.99,5.99,
9446311,19,Doordash,10736257086,"Charmin Ultra Soft Toilet Paper, 18 Mega Rolls",https://www.doordash.com/product/10736257086,2,57.98,57.98,28.99,
9446311,19,Doordash,10736257071,"Neosporin Original Antibiotic Ointment, 0.5 oz",https://www.doordash.com/product/10736257071,1,6.99,6.99,6.99,FSA_HSA
9446311,19,Doordash,10736257082,"Colgate Optic White Advanced Whitening Toothpaste, 2 Count",https://www.doordash.com/product/10736257082,1,11.99,11.99,11.99,
9446311,19,Doordash,10736257027,"LaCroix Sparkling Water, Lime (12-pack)",https://www.doordash.com/product/10736257027,2,9.98,9.98,4.99,
9446311,19,Doordash,10736257080,"Garden of Life Dr. Formulated Probiotics for Women, 30 capsules",https://www.doordash.com/product/10736257080,1,29.99,29.99,29.99,
9446311,19,Doordash,10736257069,"Old Spice Classic Cologne For Men, 4.25 Oz, Original Scent",https://www.doordash.com/product/10736257069,1,8.99,8.99,8.99,
9446311,19,Doordash,10736257046,"Huggies Simple Clean Unscented Baby Wipes, 3 Refill Packs",https://www.doordash.com/product/10736257046,1,5.99,5.99,5.99,
9446311,19,Doordash,10736257056,Pringles Potato Crisps Chips Original Flavored 5.5 oz,https://www.doordash.com/product/10736257056,1,1.69,1.69,1.69,
9446311,19,Doordash,10736257068,"Kimberly-Clark Cold & Flu Non-Medical Face Masks, 50 ct",https://www.doordash.com/product/10736257068,2,31.98,31.98,15.99,
9446311,19,Doordash,10736257079,"Elmer's Liquid School Glue, Washable, 4 oz",https://www.doordash.com/product/10736257079,1,1.49,1.49,1.49,
9446311,19,Doordash,10736257052,Aveeno Daily Moisturizing Lotion with Oatmeal to Soothe Dry Skin,https://www.doordash.com/product/10736257052,1,8.99,8.99,8.99,
9446311,19,Doordash,10736257040,"Burt's Bees 100% Natural Origin Moisturizing Lip Balm, Beeswax",https://www.doordash.com/product/10736257040,1,3.29,3.29,3.29,
9446311,19,Doordash,10736257065,"Gatorade Thirst Quencher, Lemon Lime, 20 Ounce Bottles (Pack of 8)",https://www.doordash.com/product/10736257065,1,5.99,5.99,5.99,
9446311,19,Doordash,10736257042,"Tropicana Pure Premium Orange Juice, 52 fl oz",https://www.doordash.com/product/10736257042,1,4.49,4.49,4.49,
9446311,19,Doordash,10736257033,Blue Buffalo Life Protection Formula Adult Chicken & Brown Rice Recipe Dog Food (5 lb),https://www.doordash.com/product/10736257033,1,21.99,21.99,21.99,
9446311,19,Doordash,10736257036,"Thermometer for Adults, Touchless Digital Infrared",https://www.doordash.com/product/10736257036,2,49.98,49.98,24.99,FSA_HSA
9446311,19,Doordash,10736257043,"Quaker Chewy Granola Bars, Chocolate Chip, 8 ct",https://www.doordash.com/product/10736257043,1,3.29,3.29,3.29,
9446311,19,Doordash,10736257070,"Purell Advanced Hand Sanitizer Refreshing Gel, 1 fl oz",https://www.doordash.com/product/10736257070,1,1.49,1.49,1.49,
9446311,19,Doordash,10736257085,"Lysol Disinfectant Spray Early Morning Breeze, 19 oz",https://www.doordash.com/product/10736257085,1,7.99,7.99,7.99,
2150124,19,Doordash,10736257030,Haagen-Dazs Coffee Ice Cream (14 fl oz),https://www.doordash.com/product/10736257030,1,4.99,4.99,4.99,
2150124,19,Doordash,10736257076,"Tostitos Chunky Salsa, Medium, 15.5 oz Jar",https://www.doordash.com/product/10736257076,2,6.98,6.98,3.49,
2150124,19,Doordash,10736257064,"Crest 3D White Toothpaste Radiant Mint, 4.8 oz",https://www.doordash.com/product/10736257064,1,3.99,3.99,3.99,
9302856,19,Doordash,10736257066,"Trident Spearmint Sugar-Free Gum, 12 packs",https://www.doordash.com/product/10736257066,1,8.49,8.49,8.49,
9302856,19,Doordash,10736257064-a750,"Crest 3D White Toothpaste Radiant Mint, 4.8 oz",https://www.doordash.com/product/10736257064-a750,3,11.97,11.97,3.99,
8061183,19,Doordash,10736257070-b722,"Purell Advanced Hand Sanitizer Refreshing Gel, 1 fl oz",https://www.doordash.com/product/10736257070-b722,1,1.49,1.49,1.49,
8061183,19,Doordash,10736257040-4383,"Burt's Bees 100% Natural Origin Moisturizing Lip Balm, Beeswax",https://www.doordash.com/product/10736257040-4383,1,3.29,3.29,3.29,
8061183,19,Doordash,10736257077,"Metamucil Daily Fiber Supplement, Orange Smooth, 72 Doses",https://www.doordash.com/product/10736257077,1,24.99,24.99,24.99,FSA_HSA
8061183,19,Doordash,10736257041,Panera Bread Four Cheese Souffle,https://www.doordash.com/product/10736257041,2,10.58,10.58,5.29,
8061183,19,Doordash,10736257082-146e,"Colgate Optic White Advanced Whitening Toothpaste, 2 Count",https://www.doordash.com/product/10736257082-146e,1,11.99,11.99,11.99,
8061183,19,Doordash,10736257089,"One A Day Men's Multivitamin Tablets, 100 Count",https://www.doordash.com/product/10736257089,1,8.99,8.99,8.99,FSA_HSA
8061183,19,Doordash,10736257063-0d41,"Pedialyte Electrolyte Solution, Strawberry, 1 Liter",https://www.doordash.com/product/10736257063-0d41,3,17.97,17.97,5.99,
8061183,19,Doordash,10736257047,"Arm & Hammer Advance White Extreme Whitening Toothpaste, 6 oz",https://www.doordash.com/product/10736257047,1,3.59,3.59,3.59,
8061183,19,Doordash,10736257039,"Starbucks Doubleshot Espresso Drink, 6.5 fl oz",https://www.doordash.com/product/10736257039,1,2.99,2.99,2.99,
8061183,19,Doordash,10736257066-0311,"Trident Spearmint Sugar-Free Gum, 12 packs",https://www.doordash.com/product/10736257066-0311,1,8.49,8.49,8.49,
8061183,19,Doordash,10736257027-923b,"LaCroix Sparkling Water, Lime (12-pack)",https://www.doordash.com/product/10736257027-923b,1,4.99,4.99,4.99,
8061183,19,Doordash,10736257048,"Rainbow Light Women’s One Multivitamin, 150 Tablets",https://www.doordash.com/product/10736257048,1,32.99,32.99,32.99,
8061183,19,Doordash,10736257069-088c,"Old Spice Classic Cologne For Men, 4.25 Oz, Original Scent",https://www.doordash.com/product/10736257069-088c,1,8.99,8.99,8.99,
8061183,19,Doordash,10736257030-f0e5,Haagen-Dazs Coffee Ice Cream (14 fl oz),https://www.doordash.com/product/10736257030-f0e5,1,4.99,4.99,4.99,
6641236,19,Doordash,10736257028,PEPPADEW Sweet Piquante Peppers (14 oz jar),https://www.doordash.com/product/10736257028,1,5.49,5.49,5.49,
6641236,19,Doordash,10736257076-b825,"Tostitos Chunky Salsa, Medium, 15.5 oz Jar",https://www.doordash.com/product/10736257076-b825,1,3.49,3.49,3.49,
6641236,19,Doordash,10736257036-c208,"Thermometer for Adults, Touchless Digital Infrared",https://www.doordash.com/product/10736257036-c208,2,49.98,49.98,24.99,FSA_HSA
6641236,19,Doordash,10736257051,"Clorox Disinfecting Wipes, Bleach Free Cleaning Wipes 75 Count",https://www.doordash.com/product/10736257051,1,5.99,5.99,5.99,
6641236,19,Doordash,10736257080-0795,"Garden of Life Dr. Formulated Probiotics for Women, 30 capsules",https://www.doordash.com/product/10736257080-0795,2,59.98,59.98,29.99,
6641236,19,Doordash,10736257063-7bcf,"Pedialyte Electrolyte Solution, Strawberry, 1 Liter",https://www.doordash.com/product/10736257063-7bcf,1,5.99,5.99,5.99,
6641236,19,Doordash,10736257079-ad01,"Elmer's Liquid School Glue, Washable, 4 oz",https://www.doordash.com/product/10736257079-ad01,1,1.49,1.49,1.49,
6641236,19,Doordash,10736257069-deee,"Old Spice Classic Cologne For Men, 4.25 Oz, Original Scent",https://www.doordash.com/product/10736257069-deee,1,8.99,8.99,8.99,
6641236,19,Doordash,10736257049,"Pampers Baby Dry Diapers Size 3, 104 ct",https://www.doordash.com/product/10736257049,3,119.97,119.97,39.99,
6641236,19,Doordash,10736257052-57ee,Aveeno Daily Moisturizing Lotion with Oatmeal to Soothe Dry Skin,https://www.doordash.com/product/10736257052-57ee,1,8.99,8.99,8.99,
6641236,19,Doordash,10736257048-efbb,"Rainbow Light Women’s One Multivitamin, 150 Tablets",https://www.doordash.com/product/10736257048-efbb,2,65.98,65.98,32.99,
6641236,19,Doordash,10736257074,Mucinex Fast-Max DM Max Liquid Gels 16 count,https://www.doordash.com/product/10736257074,1,9.99,9.99,9.99,
6641236,19,Doordash,10736257059,"Similasan Aging Eye Relief Drops, 10 ml",https://www.doordash.com/product/10736257059,1,9.99,9.99,9.99,
6641236,19,Doordash,10736257056-c27b,Pringles Potato Crisps Chips Original Flavored 5.5 oz,https://www.doordash.com/product/10736257056-c27b,1,1.69,1.69,1.69,
6641236,19,Doordash,10736257058,"Cascade Complete Dishwasher Pods, Fresh Scent, 78 Count",https://www.doordash.com/product/10736257058,1,18.99,18.99,18.99,
6641236,19,Doordash,10736257038,"Nature Made Prenatal Vitamins with DHA, 150 ct Softgels",https://www.doordash.com/product/10736257038,3,110.97,110.97,36.99,FSA_HSA
6641236,19,Doordash,10736257073,"Nature Valley Crunchy Granola Bars, Oats 'n Honey (12 Count)",https://www.doordash.com/product/10736257073,1,4.99,4.99,4.99,
029f1e08-9015-4118-a698-ddf6b296eda3,40,Instacart,1200354,"Benadryl Allergy Ultratabs Antihistamine Tablets, 48 Count",https://www.instacart.com/product/1200354,1,7.99,7.99,7.99,
029f1e08-9015-4118-a698-ddf6b296eda3,40,Instacart,1200356,"Clif Bar Energy Bars, Chocolate Chip, 12 Count",https://www.instacart.com/product/1200356,3,33.87,33.87,11.29,
029f1e08-9015-4118-a698-ddf6b296eda3,40,Instacart,1200323,"Tums Chewy Bites Antacid Tablets, Assorted Berries, 60 Count",https://www.instacart.com/product/1200323,1,6.99,6.99,6.99,
029f1e08-9015-4118-a698-ddf6b296eda3,40,Instacart,1200361,"Ziploc Storage Gallon Bags, Grip 'n Seal Technology, 60 Count",https://www.instacart.com/product/1200361,2,17.98,17.98,8.99,
029f1e08-9015-4118-a698-ddf6b296eda3,40,Instacart,1200355,"Dove Men+Care Body and Face Wash, Extra Fresh, 18 oz",https://www.instacart.com/product/1200355,3,17.97,17.97,5.99,
029f1e08-9015-4118-a698-ddf6b296eda3,40,Instacart,1200314,"Neutrogena Ultra Sheer Dry-Touch Sunscreen SPF 70, 3 fl oz",https://www.instacart.com/product/1200314,1,8.99,8.99,8.99,FSA_HSA
029f1e08-9015-4118-a698-ddf6b296eda3,40,Instacart,1200300,"LaCroix Sparkling Water, Natural Lime, 12 Pack",https://www.instacart.com/product/1200300,1,5.99,5.99,5.99,
029f1e08-9015-4118-a698-ddf6b296eda3,40,Instacart,1200331,"Pedialyte AdvancedCare Plus Electrolyte Solution, Mixed Fruit, 33.8 fl oz",https://www.instacart.com/product/1200331,1,4.99,4.99,4.99,FSA_HSA
029f1e08-9015-4118-a698-ddf6b296eda3,40,Instacart,1200348,"Mucinex Maximum Strength Fast-Max Severe Congestion & Cough, 6 fl oz",https://www.instacart.com/product/1200348,1,13.49,13.49,13.49,FSA_HSA
029f1e08-9015-4118-a698-ddf6b296eda3,40,Instacart,1200302,"Bounty Select-A-Size Paper Towels, White, 6 Double Rolls",https://www.instacart.com/product/1200302,2,17.98,17.98,8.99,
029f1e08-9015-4118-a698-ddf6b296eda3,40,Instacart,1200339,"Nivea Essentially Enriched Body Lotion, 16.9 fl oz",https://www.instacart.com/product/1200339,2,13.98,13.98,6.99,
029f1e08-9015-4118-a698-ddf6b296eda3,40,Instacart,1200344,"Twinings of London English Breakfast Black Tea Bags, 100 Count",https://www.instacart.com/product/1200344,1,12.49,12.49,12.49,
029f1e08-9015-4118-a698-ddf6b296eda3,40,Instacart,1200338,"Dr. Scholl's Pain Relief Orthotics for Plantar Fasciitis, Men, 1 Pair",https://www.instacart.com/product/1200338,2,27.98,27.98,13.99,
029f1e08-9015-4118-a698-ddf6b296eda3,40,Instacart,1200329,"U by Kotex Security Ultra Thin Pads, Heavy Flow, Unscented, 56 Count",https://www.instacart.com/product/1200329,1,7.89,7.89,7.89,FSA_HSA
029f1e08-9015-4118-a698-ddf6b296eda3,40,Instacart,1200316,"Vicks DayQuil Cold & Flu Liquid Medicine, 12 fl oz",https://www.instacart.com/product/1200316,1,9.99,9.99,9.99,FSA_HSA
7191caa0-c0b6-4319-9fe2-cfe792f8f6bb,40,Instacart,1200337,"Garnier Fructis Sleek & Shine Shampoo, Frizzy, Dry Hair, 12.5 fl oz",https://www.instacart.com/product/1200337,1,3.77,3.77,3.77,
7191caa0-c0b6-4319-9fe2-cfe792f8f6bb,40,Instacart,1200342,"Jif Creamy Peanut Butter, 16 Oz",https://www.instacart.com/product/1200342,1,2.99,2.99,2.99,
7191caa0-c0b6-4319-9fe2-cfe792f8f6bb,40,Instacart,1200316-6329,"Vicks DayQuil Cold & Flu Liquid Medicine, 12 fl oz",https://www.instacart.com/product/1200316-6329,1,9.99,9.99,9.99,FSA_HSA
7191caa0-c0b6-4319-9fe2-cfe792f8f6bb,40,Instacart,1200333,"OxiClean Laundry Stain Remover Spray, 21.5 Oz",https://www.instacart.com/product/1200333,1,3.99,3.99,3.99,
7191caa0-c0b6-4319-9fe2-cfe792f8f6bb,40,Instacart,1200345,"Bayer Contour Next Blood Glucose Test Strips, 70 Count",https://www.instacart.com/product/1200345,1,39.99,39.99,39.99,FSA_HSA
7191caa0-c0b6-4319-9fe2-cfe792f8f6bb,40,Instacart,1200355-f401,"Dove Men+Care Body and Face Wash, Extra Fresh, 18 oz",https://www.instacart.com/product/1200355-f401,1,5.99,5.99,5.99,
ff6452ef-5072-4a19-a429-09e746f0cf86,40,Instacart,1200304,"Kleenex Ultra Soft Facial Tissues, 3-Ply, 4 Boxes",https://www.instacart.com/product/1200304,1,7.89,7.89,7.89,
ff6452ef-5072-4a19-a429-09e746f0cf86,40,Instacart,1200323-c709,"Tums Chewy Bites Antacid Tablets, Assorted Berries, 60 Count",https://www.instacart.com/product/1200323-c709,1,6.99,6.99,6.99,
ff6452ef-5072-4a19-a429-09e746f0cf86,40,Instacart,1200351,"Cetaphil Moisturizing Cream for Dry and Sensitive Skin, 16 oz",https://www.instacart.com/product/1200351,2,29.38,29.38,14.69,
ff6452ef-5072-4a19-a429-09e746f0cf86,40,Instacart,1200302-8e7d,"Bounty Select-A-Size Paper Towels, White, 6 Double Rolls",https://www.instacart.com/product/1200302-8e7d,1,8.99,8.99,8.99,
ff6452ef-5072-4a19-a429-09e746f0cf86,40,Instacart,1200336,"Nature Made Prenatal Multivitamin + DHA Softgels, 60 Count",https://www.instacart.com/product/1200336,1,17.99,17.99,17.99,FSA_HSA
ff6452ef-5072-4a19-a429-09e746f0cf86,40,Instacart,1200310,"Huggies Little Snugglers Baby Diapers, Size 3, 84 ct",https://www.instacart.com/product/1200310,1,24.99,24.99,24.99,
ff6452ef-5072-4a19-a429-09e746f0cf86,40,Instacart,1200327,"Planters Deluxe Mixed Nuts with Sea Salt, 15.25 oz Can",https://www.instacart.com/product/1200327,2,16.98,16.98,8.49,
ff6452ef-5072-4a19-a429-09e746f0cf86,40,Instacart,1200303,"Charmin Ultra Soft Toilet Paper, Mega Rolls, 9 ct",https://www.instacart.com/product/1200303,1,10.99,10.99,10.99,
ff6452ef-5072-4a19-a429-09e746f0cf86,40,Instacart,1200313,"Gatorade Thirst Quencher, Lemon-Lime, 8 Pack",https://www.instacart.com/product/1200313,1,4.99,4.99,4.99,
ff6452ef-5072-4a19-a429-09e746f0cf86,40,Instacart,1200318,"Lindt LINDOR Milk Chocolate Truffles, 15.2 oz",https://www.instacart.com/product/1200318,1,9.49,9.49,9.49,
ff6452ef-5072-4a19-a429-09e746f0cf86,40,Instacart,1200355-7bce,"Dove Men+Care Body and Face Wash, Extra Fresh, 18 oz",https://www.instacart.com/product/1200355-7bce,1,5.99,5.99,5.99,
ff6452ef-5072-4a19-a429-09e746f0cf86,40,Instacart,1200347,"Smucker's Pure Concord Grape Jelly, 32oz Jar",https://www.instacart.com/product/1200347,1,3.49,3.49,3.49,
ff6452ef-5072-4a19-a429-09e746f0cf86,40,Instacart,1200316-3d60,"Vicks DayQuil Cold & Flu Liquid Medicine, 12 fl oz",https://www.instacart.com/product/1200316-3d60,1,9.99,9.99,9.99,FSA_HSA
ff6452ef-5072-4a19-a429-09e746f0cf86,40,Instacart,1200319,"Starbucks Medium Roast K-Cup Coffee Pods, Pike Place Roast, 32 Count",https://www.instacart.com/product/1200319,1,19.99,19.99,19.99,
ff6452ef-5072-4a19-a429-09e746f0cf86,40,Instacart,1200348-dc98,"Mucinex Maximum Strength Fast-Max Severe Congestion & Cough, 6 fl oz",https://www.instacart.com/product/1200348-dc98,1,13.49,13.49,13.49,FSA_HSA
ff6452ef-5072-4a19-a429-09e746f0cf86,40,Instacart,1200342-b160,"Jif Creamy Peanut Butter, 16 Oz",https://www.instacart.com/product/1200342-b160,1,2.99,2.99,2.99,
3508dd5b-52c7-4c2b-8527-fa16c7b10c7d,40,Instacart,1200350,"Pringles Original Potato Crisps, 5.2 oz Can",https://www.instacart.com/product/1200350,2,3.58,3.58,1.79,
3508dd5b-52c7-4c2b-8527-fa16c7b10c7d,40,Instacart,1200323-0f73,"Tums Chewy Bites Antacid Tablets, Assorted Berries, 60 Count",https://www.instacart.com/product/1200323-0f73,1,6.99,6.99,6.99,
3508dd5b-52c7-4c2b-8527-fa16c7b10c7d,40,Instacart,1200351-3f18,"Cetaphil Moisturizing Cream for Dry and Sensitive Skin, 16 oz",https://www.instacart.com/product/1200351-3f18,1,14.69,14.69,14.69,
3508dd5b-52c7-4c2b-8527-fa16c7b10c7d,40,Instacart,1200353,"Quaker Instant Oatmeal Variety Pack, 48 Packets",https://www.instacart.com/product/1200353,1,11.49,11.49,11.49,
3508dd5b-52c7-4c2b-8527-fa16c7b10c7d,40,Instacart,1200343,"Hellmann's Real Mayonnaise, 20oz Squeeze Bottle",https://www.instacart.com/product/1200343,3,11.97,11.97,3.99,
42ff09e0-77b9-40a5-a3e3-510cdd8fb3a2,40,Instacart,1200318-8f85,"Lindt LINDOR Milk Chocolate Truffles, 15.2 oz",https://www.instacart.com/product/1200318-8f85,1,9.49,9.49,9.49,
42ff09e0-77b9-40a5-a3e3-510cdd8fb3a2,40,Instacart,1200332,"Johnson's Baby Shampoo, Tear-Free, 20.3 oz",https://www.instacart.com/product/1200332,1,5.79,5.79,5.79,
42ff09e0-77b9-40a5-a3e3-510cdd8fb3a2,40,Instacart,1200335,"Philips Sonicare Replacement Electric Toothbrush Heads, 3 Count",https://www.instacart.com/product/1200335,1,24.99,24.99,24.99,
42ff09e0-77b9-40a5-a3e3-510cdd8fb3a2,40,Instacart,1200343-8f92,"Hellmann's Real Mayonnaise, 20oz Squeeze Bottle",https://www.instacart.com/product/1200343-8f92,1,3.99,3.99,3.99,
42ff09e0-77b9-40a5-a3e3-510cdd8fb3a2,40,Instacart,1200352,"Nature's Bounty Biotin 10000 mcg, Rapid Release Softgels, 120 ct",https://www.instacart.com/product/1200352,2,31.98,31.98,15.99,
42ff09e0-77b9-40a5-a3e3-510cdd8fb3a2,40,Instacart,1200322,"Pampers Aqua Pure Sensitive Baby Wipes, 336 Count",https://www.instacart.com/product/1200322,1,14.99,14.99,14.99,
42ff09e0-77b9-40a5-a3e3-510cdd8fb3a2,40,Instacart,1200302-2310,"Bounty Select-A-Size Paper Towels, White, 6 Double Rolls",https://www.instacart.com/product/1200302-2310,1,8.99,8.99,8.99,
42ff09e0-77b9-40a5-a3e3-510cdd8fb3a2,40,Instacart,1200353-e0b4,"Quaker Instant Oatmeal Variety Pack, 48 Packets",https://www.instacart.com/product/1200353-e0b4,1,11.49,11.49,11.49,
42ff09e0-77b9-40a5-a3e3-510cdd8fb3a2,40,Instacart,1200361-a6fd,"Ziploc Storage Gallon Bags, Grip 'n Seal Technology, 60 Count",https://www.instacart.com/product/1200361-a6fd,1,8.99,8.99,8.99,
42ff09e0-77b9-40a5-a3e3-510cdd8fb3a2,40,Instacart,1200358,Schick Hydro Silk Sensitive Skin Razor Handle + 5 Razor Blade Refills,https://www.instacart.com/product/1200358,2,19.98,19.98,9.99,
42ff09e0-77b9-40a5-a3e3-510cdd8fb3a2,40,Instacart,1200310-df7c,"Huggies Little Snugglers Baby Diapers, Size 3, 84 ct",https://www.instacart.com/product/1200310-df7c,1,24.99,24.99,24.99,
42ff09e0-77b9-40a5-a3e3-510cdd8fb3a2,40,Instacart,1200329-de1c,"U by Kotex Security Ultra Thin Pads, Heavy Flow, Unscented, 56 Count",https://www.instacart.com/product/1200329-de1c,2,15.78,15.78,7.89,FSA_HSA
42ff09e0-77b9-40a5-a3e3-510cdd8fb3a2,40,Instacart,1200325,"WellBeginnings Baby Diaper Rash Cream, 4 oz",https://www.instacart.com/product/1200325,1,4.49,4.49,4.49,FSA_HSA
42ff09e0-77b9-40a5-a3e3-510cdd8fb3a2,40,Instacart,1200338-d891,"Dr. Scholl's Pain Relief Orthotics for Plantar Fasciitis, Men, 1 Pair",https://www.instacart.com/product/1200338-d891,2,27.98,27.98,13.99,
42ff09e0-77b9-40a5-a3e3-510cdd8fb3a2,40,Instacart,1200328,"Secret Outlast Invisible Solid Antiperspirant & Deodorant, 2.6 oz",https://www.instacart.com/product/1200328,1,4.79,4.79,4.79,
42ff09e0-77b9-40a5-a3e3-510cdd8fb3a2,40,Instacart,1200360,"Montmorency Cherries Dried, Resealable Bag, 20 oz",https://www.instacart.com/product/1200360,1,9.49,9.49,9.49,
42ff09e0-77b9-40a5-a3e3-510cdd8fb3a2,40,Instacart,1200327-299f,"Planters Deluxe Mixed Nuts with Sea Salt, 15.25 oz Can",https://www.instacart.com/product/1200327-299f,1,8.49,8.49,8.49,
fac1f902-1308-42e1-b93a-5b9bebd887ef,12,Target,1200202,The Honest Company Calm Bubble Bath Lavender with naturally derived botanicals - 12 fl oz,https://www.target.com/product/1200202,1,11.99,11.99,11.99,
fac1f902-1308-42e1-b93a-5b9bebd887ef,12,Target,1200233,Sara Lee Delightful White Sandwich Bread - 20oz,https://www.target.com/product/1200233,1,2.99,2.99,2.99,
fac1f902-1308-42e1-b93a-5b9bebd887ef,12,Target,1200251,Lysol Disinfecting Wipes Lemon & Lime Blossom - 80ct,https://www.target.com/product/1200251,2,9.98,9.98,4.99,
fac1f902-1308-42e1-b93a-5b9bebd887ef,12,Target,1200238,Nespresso Vertuo Coffee and Espresso Machine by De'Longhi,https://www.target.com/product/1200238,1,149.99,149.99,149.99,
fac1f902-1308-42e1-b93a-5b9bebd887ef,12,Target,1200262,Fit & Fresh Jaxx FitPak Meal Prep Bag with Portion Control Containers,https://www.target.com/product/1200262,2,59.98,59.98,29.99,
fac1f902-1308-42e1-b93a-5b9bebd887ef,12,Target,1200257,3M Littmann Classic III Monitoring Stethoscope,https://www.target.com/product/1200257,1,89.99,89.99,89.99,FSA_HSA
fac1f902-1308-42e1-b93a-5b9bebd887ef,12,Target,1200252,Dr. Scholl's Massaging Gel Insoles Women's,https://www.target.com/product/1200252,1,9.89,9.89,9.89,
fac1f902-1308-42e1-b93a-5b9bebd887ef,12,Target,1200235,Threshold™ 8oz Glass French Press,https://www.target.com/product/1200235,2,31.98,31.98,15.99,
fac1f902-1308-42e1-b93a-5b9bebd887ef,12,Target,1200244,Tide PODS Liquid Laundry Detergent Pacs Spring Meadow - 42ct,https://www.target.com/product/1200244,1,15.99,15.99,15.99,
fac1f902-1308-42e1-b93a-5b9bebd887ef,12,Target,1200245,Huggies Little Snugglers Diapers - Size 2 (84ct),https://www.target.com/product/1200245,2,53.98,53.98,26.99,
fac1f902-1308-42e1-b93a-5b9bebd887ef,12,Target,1200209,KitchenAid Ultra Power Plus 4.5qt Tilt-Head Stand Mixer - Empire Red,https://www.target.com/product/1200209,2,299.98,299.98,149.99,
fac1f902-1308-42e1-b93a-5b9bebd887ef,12,Target,1200246,Yoga Fitness Mat with Comfort Foam in Black - 3mm,https://www.target.com/product/1200246,1,17.99,17.99,17.99,
fac1f902-1308-42e1-b93a-5b9bebd887ef,12,Target,1200232,Energizer MAX Alkaline AA Batteries - 8ct,https://www.target.com/product/1200232,1,10.99,10.99,10.99,
fac1f902-1308-42e1-b93a-5b9bebd887ef,12,Target,1200237,Calphalon Nonstick 2 Piece Fry Pan Set,https://www.target.com/product/1200237,2,79.98,79.98,39.99,
fac1f902-1308-42e1-b93a-5b9bebd887ef,12,Target,1200218,"Project 62™ 59"" Delavan Metal Floor Lamp Black",https://www.target.com/product/1200218,1,70.00,70.00,70.00,
fac1f902-1308-42e1-b93a-5b9bebd887ef,12,Target,1200228,TUMS Extra Strength Antacid Chewable Tablets for Heartburn Relief - Assorted Fruit - 96ct,https://www.target.com/product/1200228,1,4.99,4.99,4.99,
fac1f902-1308-42e1-b93a-5b9bebd887ef,12,Target,1200240,JBL Flip 5 Portable Waterproof Bluetooth Speaker,https://www.target.com/product/1200240,1,89.99,89.99,89.99,
fac1f902-1308-42e1-b93a-5b9bebd887ef,12,Target,1200231,Ubbi Steel Odor Locking Diaper Pail,https://www.target.com/product/1200231,1,79.99,79.99,79.99,
fac1f902-1308-42e1-b93a-5b9bebd887ef,12,Target,1200254,Cuisinart 12pc Ceramic Coated Knife Set with Blade Guards,https://www.target.com/product/1200254,3,74.97,74.97,24.99,
0a8bf0ef-5d52-44be-b012-3ae7288c53dd,12,Target,1200212,Casio Men's Vintage CA53W-1 Calculator Digital Watch,https://www.target.com/product/1200212,3,74.97,74.97,24.99,
0a8bf0ef-5d52-44be-b012-3ae7288c53dd,12,Target,1200222,Bella Pro Series 2-Slice Extra-Wide-Slot Toaster - Black Stainless Steel,https://www.target.com/product/1200222,1,29.99,29.99,29.99,
0a8bf0ef-5d52-44be-b012-3ae7288c53dd,12,Target,1200205,"Anker PowerCore 10000 Portable Charger, One of The Smallest and Lightest",https://www.target.com/product/1200205,3,77.97,77.97,25.99,
0a8bf0ef-5d52-44be-b012-3ae7288c53dd,12,Target,1200245-7c97,Huggies Little Snugglers Diapers - Size 2 (84ct),https://www.target.com/product/1200245-7c97,1,26.99,26.99,26.99,
57483b9d-4311-4ff1-9374-9ac3f3502b7d,12,Target,1200219,"Up&Up™ All Purpose Cleaner with Bleach, Lemon - 32 fl oz",https://www.target.com/product/1200219,3,7.47,7.47,2.49,
57483b9d-4311-4ff1-9374-9ac3f3502b7d,12,Target,1200221,Crest 3D White Whitestrips Teeth Whitening Kit,https://www.target.com/product/1200221,1,34.99,34.99,34.99,
57483b9d-4311-4ff1-9374-9ac3f3502b7d,12,Target,1200212-e3b2,Casio Men's Vintage CA53W-1 Calculator Digital Watch,https://www.target.com/product/1200212-e3b2,1,24.99,24.99,24.99,
57483b9d-4311-4ff1-9374-9ac3f3502b7d,12,Target,1200235-7061,Threshold™ 8oz Glass French Press,https://www.target.com/product/1200235-7061,2,31.98,31.98,15.99,
57483b9d-4311-4ff1-9374-9ac3f3502b7d,12,Target,1200240-9c59,JBL Flip 5 Portable Waterproof Bluetooth Speaker,https://www.target.com/product/1200240-9c59,1,89.99,89.99,89.99,
57483b9d-4311-4ff1-9374-9ac3f3502b7d,12,Target,1200249,The Honest Company Wipes with Aloe Water - 576ct,https://www.target.com/product/1200249,1,29.99,29.99,29.99,
57483b9d-4311-4ff1-9374-9ac3f3502b7d,12,Target,1200223,Coppertone Water Babies Sunscreen Lotion SPF 50 - 8 fl oz,https://www.target.com/product/1200223,1,9.99,9.99,9.99,FSA_HSA
57483b9d-4311-4ff1-9374-9ac3f3502b7d,12,Target,1200236,Colgate Optic White Whitening Toothpaste - 6oz,https://www.target.com/product/1200236,1,4.89,4.89,4.89,
57483b9d-4311-4ff1-9374-9ac3f3502b7d,12,Target,1200251-9eb0,Lysol Disinfecting Wipes Lemon & Lime Blossom - 80ct,https://www.target.com/product/1200251-9eb0,1,4.99,4.99,4.99,
57483b9d-4311-4ff1-9374-9ac3f3502b7d,12,Target,1200248,"Hatch Rest+ Baby Sound Machine, Night Light & Time-to-Rise",https://www.target.com/product/1200248,1,59.99,59.99,59.99,
57483b9d-4311-4ff1-9374-9ac3f3502b7d,12,Target,1200201,Hydro Flask 32oz Double Wall Vacuum Insulated Stainless Steel Water Bottle,https://www.target.com/product/1200201,2,89.90,89.90,44.95,
57483b9d-4311-4ff1-9374-9ac3f3502b7d,12,Target,1200241,Burt's Bees Baby Training Pants - Various Sizes,https://www.target.com/product/1200241,1,9.99,9.99,9.99,
57483b9d-4311-4ff1-9374-9ac3f3502b7d,12,Target,1200205-d6ad,"Anker PowerCore 10000 Portable Charger, One of The Smallest and Lightest",https://www.target.com/product/1200205-d6ad,2,51.98,51.98,25.99,
57483b9d-4311-4ff1-9374-9ac3f3502b7d,12,Target,1200259,Nature Made Prenatal Multi + DHA Softgels - 150ct,https://www.target.com/product/1200259,1,26.99,26.99,26.99,
57483b9d-4311-4ff1-9374-9ac3f3502b7d,12,Target,1200207,Goodfellow & Co Men's 7-Pack Low Cut Socks - 6-12,https://www.target.com/product/1200207,1,12.00,12.00,12.00,
57483b9d-4311-4ff1-9374-9ac3f3502b7d,12,Target,1200256,Fitbit Charge 5 Advanced Fitness & Health Tracker,https://www.target.com/product/1200256,1,139.95,139.95,139.95,
57483b9d-4311-4ff1-9374-9ac3f3502b7d,12,Target,1200228-bf09,TUMS Extra Strength Antacid Chewable Tablets for Heartburn Relief - Assorted Fruit - 96ct,https://www.target.com/product/1200228-bf09,1,4.99,4.99,4.99,
57483b9d-4311-4ff1-9374-9ac3f3502b7d,12,Target,1200254-a0e9,Cuisinart 12pc Ceramic Coated Knife Set with Blade Guards,https://www.target.com/product/1200254-a0e9,1,24.99,24.99,24.99,
57483b9d-4311-4ff1-9374-9ac3f3502b7d,12,Target,1200231-1420,Ubbi Steel Odor Locking Diaper Pail,https://www.target.com/product/1200231-1420,2,159.98,159.98,79.99,
57483b9d-4311-4ff1-9374-9ac3f3502b7d,12,Target,1200260,Marvel Black Panther 3D Gauntlet Water Bottle,https://www.target.com/product/1200260,3,47.97,47.97,15.99,
ebec2d90-3590-4c2c-8d8d-065021d28ec4,12,Target,1200237-9a3f,Calphalon Nonstick 2 Piece Fry Pan Set,https://www.target.com/product/1200237-9a3f,3,119.97,119.97,39.99,
ebec2d90-3590-4c2c-8d8d-065021d28ec4,12,Target,1200246-94ae,Yoga Fitness Mat with Comfort Foam in Black - 3mm,https://www.target.com/product/1200246-94ae,1,17.99,17.99,17.99,
ebec2d90-3590-4c2c-8d8d-065021d28ec4,12,Target,1200205-4c2f,"Anker PowerCore 10000 Portable Charger, One of The Smallest and Lightest",https://www.target.com/product/1200205-4c2f,2,51.98,51.98,25.99,
ebec2d90-3590-4c2c-8d8d-065021d28ec4,12,Target,1200220,Boots & Barkley™ Large Natural Bristle Wood Handle Dog Brush,https://www.target.com/product/1200220,1,7.99,7.99,7.99,
ebec2d90-3590-4c2c-8d8d-065021d28ec4,12,Target,1200227,Hanes Men's Comfort Fit Ankle Socks 6pk,https://www.target.com/product/1200227,3,35.97,35.97,11.99,
ebec2d90-3590-4c2c-8d8d-065021d28ec4,12,Target,1200259-688c,Nature Made Prenatal Multi + DHA Softgels - 150ct,https://www.target.com/product/1200259-688c,1,26.99,26.99,26.99,
ebec2d90-3590-4c2c-8d8d-065021d28ec4,12,Target,1200256-7dd7,Fitbit Charge 5 Advanced Fitness & Health Tracker,https://www.target.com/product/1200256-7dd7,1,139.95,139.95,139.95,
a0d5d39e-0df9-43ad-bb28-db8c0f5834e6,12,Target,1200231-b6c3,Ubbi Steel Odor Locking Diaper Pail,https://www.target.com/product/1200231-b6c3,2,159.98,159.98,79.99,
a0d5d39e-0df9-43ad-bb28-db8c0f5834e6,12,Target,1200206,Wet n Wild MegaGlo Liquid Highlighter - Pink Quartz,https://www.target.com/product/1200206,1,5.99,5.99,5.99,
a0d5d39e-0df9-43ad-bb28-db8c0f5834e6,12,Target,1200208,Sony WH-1000XM4 Wireless Noise-Canceling Over-Ear Headphones,https://www.target.com/product/1200208,1,148.99,148.99,148.99,
a0d5d39e-0df9-43ad-bb28-db8c0f5834e6,12,Target,1200227-a49a,Hanes Men's Comfort Fit Ankle Socks 6pk,https://www.target.com/product/1200227-a49a,1,11.99,11.99,11.99,
851e434c-93cf-48ad-9c10-d197e315b23f,36,Ubereats,24cea11b-406b-4845-9b23-7c51c140dd0d,Meatballs in Marinara Sauce with Parmesan Cheese,https://www.ubereats.com/product/24cea11b-406b-4845-9b23-7c51c140dd0d,1,11.25,11.25,11.25,
851e434c-93cf-48ad-9c10-d197e315b23f,36,Ubereats,5e9ef1d3-888a-4d60-a0a2-b8ad2ad95189,Toothache Relief Gel for Adults and Children,https://www.ubereats.com/product/5e9ef1d3-888a-4d60-a0a2-b8ad2ad95189,1,5.95,5.95,5.95,FSA_HSA
851e434c-93cf-48ad-9c10-d197e315b23f,36,Ubereats,eaaad2c1-e0da-40e7-8014-af9b0290b3b3,Peanut Butter and Chocolate Chip Blondies,https://www.ubereats.com/product/eaaad2c1-e0da-40e7-8014-af9b0290b3b3,1,3.75,3.75,3.75,
851e434c-93cf-48ad-9c10-d197e315b23f,36,Ubereats,160d3e68-f969-4900-b147-33a0f4b16675,Gourmet Butter Croissant with Almond Filling,https://www.ubereats.com/product/160d3e68-f969-4900-b147-33a0f4b16675,2,9.70,9.70,4.85,
851e434c-93cf-48ad-9c10-d197e315b23f,36,Ubereats,ab8c3a1d-4c38-45e1-af6a-7fae75eb3f54,Fruit Infused Hydrating Face Mist Spray,https://www.ubereats.com/product/ab8c3a1d-4c38-45e1-af6a-7fae75eb3f54,1,5.85,5.85,5.85,
851e434c-93cf-48ad-9c10-d197e315b23f,36,Ubereats,e831f41c-b8f6-4d7a-900a-c7d437bdc08e,Artisan Margherita Pizza with Fresh Basil and Buffalo Mozzarella,https://www.ubereats.com/product/e831f41c-b8f6-4d7a-900a-c7d437bdc08e,1,16.50,16.50,16.50,
851e434c-93cf-48ad-9c10-d197e315b23f,36,Ubereats,f299f0de-ee23-4c4c-b155-29b48fbb594b,Crispy Falafel Wrap with Hummus and Tzatziki,https://www.ubereats.com/product/f299f0de-ee23-4c4c-b155-29b48fbb594b,1,8.95,8.95,8.95,
851e434c-93cf-48ad-9c10-d197e315b23f,36,Ubereats,f012e9bb-694f-4e3c-bb49-f74f126f8b87,Sweet and Spicy Asian Shrimp Stir Fry,https://www.ubereats.com/product/f012e9bb-694f-4e3c-bb49-f74f126f8b87,1,15.50,15.50,15.50,
851e434c-93cf-48ad-9c10-d197e315b23f,36,Ubereats,3c051d3d-4887-426b-b8ad-c8236e512f8b,Organic Green Tea with Lemon and Ginger,https://www.ubereats.com/product/3c051d3d-4887-426b-b8ad-c8236e512f8b,1,3.25,3.25,3.25,
851e434c-93cf-48ad-9c10-d197e315b23f,36,Ubereats,580f1deb-7050-493f-82a5-e9f75f2ad7c8,Cheesesteak Sandwich with Sautéed Onions and Peppers,https://www.ubereats.com/product/580f1deb-7050-493f-82a5-e9f75f2ad7c8,3,32.97,32.97,10.99,
851e434c-93cf-48ad-9c10-d197e315b23f,36,Ubereats,01ed6f86-53af-41c2-8d54-e1e2d8de96d4,Balsamic Glazed Caprese Salad with Fresh Mozzarella,https://www.ubereats.com/product/01ed6f86-53af-41c2-8d54-e1e2d8de96d4,2,21.00,21.00,10.50,
851e434c-93cf-48ad-9c10-d197e315b23f,36,Ubereats,f2125e4a-c902-42e7-b714-f73f93f8de07,Bluetooth-Enabled Personal Scale with App Tracking,https://www.ubereats.com/product/f2125e4a-c902-42e7-b714-f73f93f8de07,3,89.97,89.97,29.99,FSA_HSA
851e434c-93cf-48ad-9c10-d197e315b23f,36,Ubereats,2acd6adf-8d85-4918-bb86-29d1344914e7,Herb Roasted Turkey Breast with Garlic Mashed Potatoes,https://www.ubereats.com/product/2acd6adf-8d85-4918-bb86-29d1344914e7,2,39.50,39.50,19.75,
851e434c-93cf-48ad-9c10-d197e315b23f,36,Ubereats,ad1a4db1-03e7-4952-af90-5970213339d7,Homemade Banana Bread with Walnut Topping Slice,https://www.ubereats.com/product/ad1a4db1-03e7-4952-af90-5970213339d7,3,14.85,14.85,4.95,
851e434c-93cf-48ad-9c10-d197e315b23f,36,Ubereats,73f8b7cf-5c5e-47a1-b3ac-23cd6e61d9c7,Dental Floss Picks with Fresh Mint Flavor 90 Count,https://www.ubereats.com/product/73f8b7cf-5c5e-47a1-b3ac-23cd6e61d9c7,1,6.95,6.95,6.95,
851e434c-93cf-48ad-9c10-d197e315b23f,36,Ubereats,db9291f8-594f-472a-a8d5-80de69212ce1,Crispy Chicken Wings with Buffalo Sauce,https://www.ubereats.com/product/db9291f8-594f-472a-a8d5-80de69212ce1,1,9.99,9.99,9.99,
851e434c-93cf-48ad-9c10-d197e315b23f,36,Ubereats,7ac63b88-425e-4248-8191-b817c3c832a6,Menstrual Pain Relief Heat Patch,https://www.ubereats.com/product/7ac63b88-425e-4248-8191-b817c3c832a6,1,7.99,7.99,7.99,FSA_HSA
4d1b506f-6e98-4b15-a8c1-7c673be1b83a,36,Ubereats,5721ec3e-03c4-4d49-aa24-bab353783262,Flu Relief Pack with Day and Night Capsules,https://www.ubereats.com/product/5721ec3e-03c4-4d49-aa24-bab353783262,2,31.98,31.98,15.99,FSA_HSA
4d1b506f-6e98-4b15-a8c1-7c673be1b83a,36,Ubereats,5e9ef1d3-888a-4d60-a0a2-b8ad2ad95189-0207,Toothache Relief Gel for Adults and Children,https://www.ubereats.com/product/5e9ef1d3-888a-4d60-a0a2-b8ad2ad95189-0207,2,11.90,11.90,5.95,FSA_HSA
4d1b506f-6e98-4b15-a8c1-7c673be1b83a,36,Ubereats,f8dbe14b-c73b-49b0-9c12-5c43088315e1,Deli Style Reuben Sandwich with Sauerkraut on Rye,https://www.ubereats.com/product/f8dbe14b-c73b-49b0-9c12-5c43088315e1,1,12.50,12.50,12.50,
4d1b506f-6e98-4b15-a8c1-7c673be1b83a,36,Ubereats,db9291f8-594f-472a-a8d5-80de69212ce1-a265,Crispy Chicken Wings with Buffalo Sauce,https://www.ubereats.com/product/db9291f8-594f-472a-a8d5-80de69212ce1-a265,1,9.99,9.99,9.99,
4d1b506f-6e98-4b15-a8c1-7c673be1b83a,36,Ubereats,f012e9bb-694f-4e3c-bb49-f74f126f8b87-e35d,Sweet and Spicy Asian Shrimp Stir Fry,https://www.ubereats.com/product/f012e9bb-694f-4e3c-bb49-f74f126f8b87-e35d,1,15.50,15.50,15.50,
4d1b506f-6e98-4b15-a8c1-7c673be1b83a,36,Ubereats,4d981b68-d1bb-4677-9352-a374f2ed79da,Hearty Wheat Biscuits with Real Butter,https://www.ubereats.com/product/4d981b68-d1bb-4677-9352-a374f2ed79da,2,8.50,8.50,4.25,
4d1b506f-6e98-4b15-a8c1-7c673be1b83a,36,Ubereats,028d5b6d-9d69-4f8e-b5f1-8d7a5b1bde6c,Classic BLT Sandwich with Applewood Smoked Bacon,https://www.ubereats.com/product/028d5b6d-9d69-4f8e-b5f1-8d7a5b1bde6c,1,9.75,9.75,9.75,
4d1b506f-6e98-4b15-a8c1-7c673be1b83a,36,Ubereats,821da414-6171-4cf1-a7ae-ef404d39fa14,Sunscreen Lotion SPF 30 Water Resistant,https://www.ubereats.com/product/821da414-6171-4cf1-a7ae-ef404d39fa14,1,10.75,10.75,10.75,FSA_HSA
4d1b506f-6e98-4b15-a8c1-7c673be1b83a,36,Ubereats,41f44178-a4df-4575-bc88-c1cb6b0a5dff,Water-Resistant Athletic Sports Bandages,https://www.ubereats.com/product/41f44178-a4df-4575-bc88-c1cb6b0a5dff,1,6.99,6.99,6.99,FSA_HSA
4d1b506f-6e98-4b15-a8c1-7c673be1b83a,36,Ubereats,478242a9-2c16-44bf-bca7-8268833417fb,Feta and Spinach Stuffed Chicken Breast,https://www.ubereats.com/product/478242a9-2c16-44bf-bca7-8268833417fb,1,14.25,14.25,14.25,
4d1b506f-6e98-4b15-a8c1-7c673be1b83a,36,Ubereats,6bd0d973-136f-400d-b765-546217df395e,Fresh California Sushi Roll with Crab and Avocado,https://www.ubereats.com/product/6bd0d973-136f-400d-b765-546217df395e,1,9.99,9.99,9.99,
4d1b506f-6e98-4b15-a8c1-7c673be1b83a,36,Ubereats,f2125e4a-c902-42e7-b714-f73f93f8de07-9238,Bluetooth-Enabled Personal Scale with App Tracking,https://www.ubereats.com/product/f2125e4a-c902-42e7-b714-f73f93f8de07-9238,2,59.98,59.98,29.99,FSA_HSA
4d1b506f-6e98-4b15-a8c1-7c673be1b83a,36,Ubereats,e831f41c-b8f6-4d7a-900a-c7d437bdc08e-b4e9,Artisan Margherita Pizza with Fresh Basil and Buffalo Mozzarella,https://www.ubereats.com/product/e831f41c-b8f6-4d7a-900a-c7d437bdc08e-b4e9,1,16.50,16.50,16.50,
4d1b506f-6e98-4b15-a8c1-7c673be1b83a,36,Ubereats,907024cd-ee9f-48b4-bc20-a813fb1b1cf0,Wireless Ear Thermometer with LCD Display,https://www.ubereats.com/product/907024cd-ee9f-48b4-bc20-a813fb1b1cf0,2,77.00,77.00,38.50,FSA_HSA
030bfb5a-2e83-4ecc-a123-c141c0e660f6,36,Ubereats,eaaad2c1-e0da-40e7-8014-af9b0290b3b3-37f8,Peanut Butter and Chocolate Chip Blondies,https://www.ubereats.com/product/eaaad2c1-e0da-40e7-8014-af9b0290b3b3-37f8,1,3.75,3.75,3.75,
030bfb5a-2e83-4ecc-a123-c141c0e660f6,36,Ubereats,24cea11b-406b-4845-9b23-7c51c140dd0d-9557,Meatballs in Marinara Sauce with Parmesan Cheese,https://www.ubereats.com/product/24cea11b-406b-4845-9b23-7c51c140dd0d-9557,2,22.50,22.50,11.25,
030bfb5a-2e83-4ecc-a123-c141c0e660f6,36,Ubereats,9adde1c3-c989-4f7f-bf21-461add7c58eb,Caesar Salad with Grilled Chicken and Parmesan Crisps,https://www.ubereats.com/product/9adde1c3-c989-4f7f-bf21-461add7c58eb,1,11.50,11.50,11.50,
030bfb5a-2e83-4ecc-a123-c141c0e660f6,36,Ubereats,f4dc78b7-3658-454c-a94f-607f93ec266c,Traditional Italian Lasagna with Beef Ragu,https://www.ubereats.com/product/f4dc78b7-3658-454c-a94f-607f93ec266c,1,14.99,14.99,14.99,
030bfb5a-2e83-4ecc-a123-c141c0e660f6,36,Ubereats,3cc3f052-84a9-4a8c-af5f-6a0eb1b15da6,All-Natural Greek Yogurt with Honey and Granola,https://www.ubereats.com/product/3cc3f052-84a9-4a8c-af5f-6a0eb1b15da6,1,5.75,5.75,5.75,
030bfb5a-2e83-4ecc-a123-c141c0e660f6,36,Ubereats,2acd6adf-8d85-4918-bb86-29d1344914e7-70fc,Herb Roasted Turkey Breast with Garlic Mashed Potatoes,https://www.ubereats.com/product/2acd6adf-8d85-4918-bb86-29d1344914e7-70fc,1,19.75,19.75,19.75,
030bfb5a-2e83-4ecc-a123-c141c0e660f6,36,Ubereats,5e9ef1d3-888a-4d60-a0a2-b8ad2ad95189-bace,Toothache Relief Gel for Adults and Children,https://www.ubereats.com/product/5e9ef1d3-888a-4d60-a0a2-b8ad2ad95189-bace,1,5.95,5.95,5.95,FSA_HSA
030bfb5a-2e83-4ecc-a123-c141c0e660f6,36,Ubereats,3c051d3d-4887-426b-b8ad-c8236e512f8b-6269,Organic Green Tea with Lemon and Ginger,https://www.ubereats.com/product/3c051d3d-4887-426b-b8ad-c8236e512f8b-6269,1,3.25,3.25,3.25,
f9cda1e3-7fb4-4714-b9b8-4945d55bd3f8,36,Ubereats,2acd6adf-8d85-4918-bb86-29d1344914e7-aa4a,Herb Roasted Turkey Breast with Garlic Mashed Potatoes,https://www.ubereats.com/product/2acd6adf-8d85-4918-bb86-29d1344914e7-aa4a,1,19.75,19.75,19.75,
f9cda1e3-7fb4-4714-b9b8-4945d55bd3f8,36,Ubereats,9adde1c3-c989-4f7f-bf21-461add7c58eb-25fc,Caesar Salad with Grilled Chicken and Parmesan Crisps,https://www.ubereats.com/product/9adde1c3-c989-4f7f-bf21-461add7c58eb-25fc,2,23.00,23.00,11.50,
f9cda1e3-7fb4-4714-b9b8-4945d55bd3f8,36,Ubereats,5a07e7fd-475d-42f7-b636-4908b299a943,Vanilla Bean Ice Cream Sundae with Salted Caramel Sauce,https://www.ubereats.com/product/5a07e7fd-475d-42f7-b636-4908b299a943,1,8.99,8.99,8.99,
f9cda1e3-7fb4-4714-b9b8-4945d55bd3f8,36,Ubereats,479ff8cf-abd0-42bd-839d-61f6c469aa23,Honey Glazed BBQ Ribs with Coleslaw and Cornbread,https://www.ubereats.com/product/479ff8cf-abd0-42bd-839d-61f6c469aa23,1,18.99,18.99,18.99,
f9cda1e3-7fb4-4714-b9b8-4945d55bd3f8,36,Ubereats,dfbafd30-20cd-4645-b99f-8c367e1b91cb,Artisan Sourdough Bread Loaf Baked Fresh Daily,https://www.ubereats.com/product/dfbafd30-20cd-4645-b99f-8c367e1b91cb,3,14.97,14.97,4.99,
f9cda1e3-7fb4-4714-b9b8-4945d55bd3f8,36,Ubereats,c08e1cfc-df9b-46db-8f1a-4a667c3a9e17,Breathable Fabric Elastic Sports Tape,https://www.ubereats.com/product/c08e1cfc-df9b-46db-8f1a-4a667c3a9e17,1,7.50,7.50,7.50,
f9cda1e3-7fb4-4714-b9b8-4945d55bd3f8,36,Ubereats,028d5b6d-9d69-4f8e-b5f1-8d7a5b1bde6c-6b22,Classic BLT Sandwich with Applewood Smoked Bacon,https://www.ubereats.com/product/028d5b6d-9d69-4f8e-b5f1-8d7a5b1bde6c-6b22,1,9.75,9.75,9.75,
f9cda1e3-7fb4-4714-b9b8-4945d55bd3f8,36,Ubereats,41f44178-a4df-4575-bc88-c1cb6b0a5dff-1d32,Water-Resistant Athletic Sports Bandages,https://www.ubereats.com/product/41f44178-a4df-4575-bc88-c1cb6b0a5dff-1d32,1,6.99,6.99,6.99,FSA_HSA
f9cda1e3-7fb4-4714-b9b8-4945d55bd3f8,36,Ubereats,86a739fd-c43c-45d8-9573-b8d9460e72b3,Gourmet Cheese Board with Grapes and Crackers,https://www.ubereats.com/product/86a739fd-c43c-45d8-9573-b8d9460e72b3,1,22.25,22.25,22.25,
f9cda1e3-7fb4-4714-b9b8-4945d55bd3f8,36,Ubereats,e23cedff-fd33-4204-9907-e43c79344139,Gingerbread Latte with Nutmeg and Cinnamon,https://www.ubereats.com/product/e23cedff-fd33-4204-9907-e43c79344139,1,5.99,5.99,5.99,
f9cda1e3-7fb4-4714-b9b8-4945d55bd3f8,36,Ubereats,f2125e4a-c902-42e7-b714-f73f93f8de07-3031,Bluetooth-Enabled Personal Scale with App Tracking,https://www.ubereats.com/product/f2125e4a-c902-42e7-b714-f73f93f8de07-3031,2,59.98,59.98,29.99,FSA_HSA
f9cda1e3-7fb4-4714-b9b8-4945d55bd3f8,36,Ubereats,ec88180e-3bb1-4fa6-aaab-fd60d3e96c9b,Double Layer Chocolate Fudge Cake Slice,https://www.ubereats.com/product/ec88180e-3bb1-4fa6-aaab-fd60d3e96c9b,3,19.50,19.50,6.50,
f9cda1e3-7fb4-4714-b9b8-4945d55bd3f8,36,Ubereats,5e9ef1d3-888a-4d60-a0a2-b8ad2ad95189-974b,Toothache Relief Gel for Adults and Children,https://www.ubereats.com/product/5e9ef1d3-888a-4d60-a0a2-b8ad2ad95189-974b,1,5.95,5.95,5.95,FSA_HSA
e5785b53-2a4f-4964-a222-e3c352eba77b,36,Ubereats,c08e1cfc-df9b-46db-8f1a-4a667c3a9e17-4119,Breathable Fabric Elastic Sports Tape,https://www.ubereats.com/product/c08e1cfc-df9b-46db-8f1a-4a667c3a9e17-4119,2,15.00,15.00,7.50,
e5785b53-2a4f-4964-a222-e3c352eba77b,36,Ubereats,5fd458e1-3cd2-4d83-a7f1-df0f1c5cb669,Caramel Frappuccino with Whipped Cream and Chocolate Drizzle,https://www.ubereats.com/product/5fd458e1-3cd2-4d83-a7f1-df0f1c5cb669,2,11.98,11.98,5.99,
e5785b53-2a4f-4964-a222-e3c352eba77b,36,Ubereats,6bd0d973-136f-400d-b765-546217df395e-5db7,Fresh California Sushi Roll with Crab and Avocado,https://www.ubereats.com/product/6bd0d973-136f-400d-b765-546217df395e-5db7,1,9.99,9.99,9.99,
e5785b53-2a4f-4964-a222-e3c352eba77b,36,Ubereats,f8dbe14b-c73b-49b0-9c12-5c43088315e1-7961,Deli Style Reuben Sandwich with Sauerkraut on Rye,https://www.ubereats.com/product/f8dbe14b-c73b-49b0-9c12-5c43088315e1-7961,1,12.50,12.50,12.50,
e5785b53-2a4f-4964-a222-e3c352eba77b,36,Ubereats,3c051d3d-4887-426b-b8ad-c8236e512f8b-70da,Organic Green Tea with Lemon and Ginger,https://www.ubereats.com/product/3c051d3d-4887-426b-b8ad-c8236e512f8b-70da,1,3.25,3.25,3.25,
e5785b53-2a4f-4964-a222-e3c352eba77b,36,Ubereats,5721ec3e-03c4-4d49-aa24-bab353783262-69cb,Flu Relief Pack with Day and Night Capsules,https://www.ubereats.com/product/5721ec3e-03c4-4d49-aa24-bab353783262-69cb,2,31.98,31.98,15.99,FSA_HSA
e5785b53-2a4f-4964-a222-e3c352eba77b,36,Ubereats,b093ae2e-1eac-4a88-a1b5-b1e6386eebd6,Warm Apple Cinnamon Oatmeal with Brown Sugar,https://www.ubereats.com/product/b093ae2e-1eac-4a88-a1b5-b1e6386eebd6,1,4.50,4.50,4.50,
4151632,45,Walmart,121212121,"Dove Refreshing Cucumber & Green Tea 0% Aluminum Deodorant, 2.7 oz, Pack of 2",https://www.walmart.com/ip/121212121,1,10.48,10.48,10.48,
4151632,45,Walmart,777777777,Hyper Tough 16-Amp Corded Electric Leaf Blower with 165 MPH Air Speed,https://www.walmart.com/ip/777777777,1,38.96,38.96,38.96,
4151632,45,Walmart,114455667,"Equate Pregnancy Test, 3 Count",https://www.walmart.com/ip/114455667,3,22.44,22.44,7.48,FSA_HSA
4151632,45,Walmart,141414141,"Hamilton Beach 2-Way Brewer Coffee Maker, Single-Serve and 12-Cup Pot, Stainless Steel",https://www.walmart.com/ip/141414141,1,64.00,64.00,64.00,
4151632,45,Walmart,119900112,"Energizer A23 Alkaline Batteries, 2 Pack",https://www.walmart.com/ip/119900112,1,4.97,4.97,4.97,
4151632,45,Walmart,808080808,"Equate Sterile Saline Solution for Sensitive Eyes, 12 fl oz, 2 Pack",https://www.walmart.com/ip/808080808,1,4.76,4.76,4.76,FSA_HSA
4151632,45,Walmart,111111111,"Equate Premium Whitening Strips Dental Whitening Kit, 42 Count",https://www.walmart.com/ip/111111111,2,39.76,39.76,19.88,
4151632,45,Walmart,123232323,Roku Streaming Stick+ | HD/4K/HDR Streaming Device with Long-range Wireless and Voice Remote,https://www.walmart.com/ip/123232323,3,132.00,132.00,44.00,
4151632,45,Walmart,156565656,"EverStart Maxx Lead Acid Automotive Battery, Group 51",https://www.walmart.com/ip/156565656,1,100.00,100.00,100.00,
4151632,45,Walmart,555555555,"Equate Multivitamin Adult Gummies, 150 Count",https://www.walmart.com/ip/555555555,1,9.98,9.98,9.98,
4151632,45,Walmart,140404040,"Yankee Candle Balsam & Cedar Scented, Classic 22oz Large Jar Single Wick Candle",https://www.walmart.com/ip/140404040,1,27.88,27.88,27.88,
4151632,45,Walmart,115566778,"Neutrogena Ultra Sheer Dry-Touch Sunscreen, SPF 45, 3 fl oz",https://www.walmart.com/ip/115566778,2,13.94,13.94,6.97,FSA_HSA
4151632,45,Walmart,116677889,"Hot Hands Hand Warmers, 10 Count Value Pack",https://www.walmart.com/ip/116677889,1,6.88,6.88,6.88,
4151632,45,Walmart,707070707,Mainstays 5-Piece Knife Set with Ergonomic Handles and Stainless Steel Blades,https://www.walmart.com/ip/707070707,1,9.74,9.74,9.74,
4151632,45,Walmart,149494949,SanDisk 128GB Ultra microSDXC UHS-I Memory Card with Adapter,https://www.walmart.com/ip/149494949,2,37.98,37.98,18.99,
4151632,45,Walmart,146464646,Equate 91% Isopropyl Alcohol Liquid Antiseptic Cleaner for Treatment of Minor Cuts and Scrapes,https://www.walmart.com/ip/146464646,2,3.96,3.96,1.98,FSA_HSA
4151632,45,Walmart,129292929,"Lysol Disinfectant Spray, Crisp Linen, 12.5oz, Cleaner & Deodorizer",https://www.walmart.com/ip/129292929,1,6.47,6.47,6.47,
4151632,45,Walmart,143434343,"Equate Flexible Tip Digital Thermometer for Oral, Rectal, or Underarm Use",https://www.walmart.com/ip/143434343,1,6.88,6.88,6.88,FSA_HSA
4151632,45,Walmart,303030303,Ozark Trail 24-Can Cooler with Hardliner and Removable Plastic Liner,https://www.walmart.com/ip/303030303,2,39.96,39.96,19.98,
3394394,45,Walmart,121212121-091c,"Dove Refreshing Cucumber & Green Tea 0% Aluminum Deodorant, 2.7 oz, Pack of 2",https://www.walmart.com/ip/121212121-091c,1,10.48,10.48,10.48,
3394394,45,Walmart,143434343-9e1d,"Equate Flexible Tip Digital Thermometer for Oral, Rectal, or Underarm Use",https://www.walmart.com/ip/143434343-9e1d,1,6.88,6.88,6.88,FSA_HSA
3394394,45,Walmart,117788990,"Graco Simple Sway Baby Swing with Gentle, Side-to-Side Swaying Motion",https://www.walmart.com/ip/117788990,1,89.00,89.00,89.00,
3394394,45,Walmart,136363636,"Mainstays Basic Sage Solid Microfiber Sheet Set, Queen",https://www.walmart.com/ip/136363636,1,16.84,16.84,16.84,
3394394,45,Walmart,333333333,"Duracell Coppertop AA Alkaline Batteries, 24 Count",https://www.walmart.com/ip/333333333,2,32.48,32.48,16.24,
3394394,45,Walmart,118899001,"Philips Norelco Multigroom 7000 Face, Head and Body Hair Trimmer",https://www.walmart.com/ip/118899001,1,54.95,54.95,54.95,
3394394,45,Walmart,131313131,"NJOY Daily Disposable Replacement Pods for E-Cigarette, 4 Count",https://www.walmart.com/ip/131313131,1,19.99,19.99,19.99,
3394394,45,Walmart,101010101,"Mainstays Classic Red Plaid Throw Blanket, 50 x 60 Inches",https://www.walmart.com/ip/101010101,1,12.99,12.99,12.99,
3394394,45,Walmart,134343434,"Sharpie Permanent Markers, Fine Point, Black, 12 Count",https://www.walmart.com/ip/134343434,1,6.24,6.24,6.24,
3394394,45,Walmart,156565656-c3a3,"EverStart Maxx Lead Acid Automotive Battery, Group 51",https://www.walmart.com/ip/156565656-c3a3,1,100.00,100.00,100.00,
3394394,45,Walmart,115566778-f4cd,"Neutrogena Ultra Sheer Dry-Touch Sunscreen, SPF 45, 3 fl oz",https://www.walmart.com/ip/115566778-f4cd,2,13.94,13.94,6.97,FSA_HSA
3394394,45,Walmart,140404040-8fdf,"Yankee Candle Balsam & Cedar Scented, Classic 22oz Large Jar Single Wick Candle",https://www.walmart.com/ip/140404040-8fdf,2,55.76,55.76,27.88,
3394394,45,Walmart,444444444,"Mainstays 28"" Tower Fan with 3 Speeds and LED Timer",https://www.walmart.com/ip/444444444,3,88.32,88.32,29.44,
3394394,45,Walmart,126262626,"Equate Absorbent Flex Tampons, Unscented, Regular, 36 Count",https://www.walmart.com/ip/126262626,1,5.68,5.68,5.68,FSA_HSA
3394394,45,Walmart,555555555-97e7,"Equate Multivitamin Adult Gummies, 150 Count",https://www.walmart.com/ip/555555555-97e7,1,9.98,9.98,9.98,
1228098,45,Walmart,158585858,"Tide Pods Laundry Detergent Pacs, Spring Meadow, 81 Count",https://www.walmart.com/ip/158585858,3,64.32,64.32,21.44,
1228098,45,Walmart,707070707-f2ad,Mainstays 5-Piece Knife Set with Ergonomic Handles and Stainless Steel Blades,https://www.walmart.com/ip/707070707-f2ad,1,9.74,9.74,9.74,
1228098,45,Walmart,129292929-38f4,"Lysol Disinfectant Spray, Crisp Linen, 12.5oz, Cleaner & Deodorizer",https://www.walmart.com/ip/129292929-38f4,1,6.47,6.47,6.47,
1228098,45,Walmart,144444444,As Seen on TV NuWave Bravo XL Air Fryer Oven with Accessories,https://www.walmart.com/ip/144444444,1,129.00,129.00,129.00,
1228098,45,Walmart,126262626-9dcd,"Equate Absorbent Flex Tampons, Unscented, Regular, 36 Count",https://www.walmart.com/ip/126262626-9dcd,1,5.68,5.68,5.68,FSA_HSA
1228098,45,Walmart,147474747,"Patriot Lighting 52"" Ceiling Hugger Fan with Light Kit, Bronze",https://www.walmart.com/ip/147474747,2,76.00,76.00,38.00,
1228098,45,Walmart,119900112-5f5c,"Energizer A23 Alkaline Batteries, 2 Pack",https://www.walmart.com/ip/119900112-5f5c,2,9.94,9.94,4.97,
1228098,45,Walmart,143434343-f4f8,"Equate Flexible Tip Digital Thermometer for Oral, Rectal, or Underarm Use",https://www.walmart.com/ip/143434343-f4f8,1,6.88,6.88,6.88,FSA_HSA
1228098,45,Walmart,139393939,"Mobil 1 High Mileage Full Synthetic Motor Oil 5W-30, 5 qt",https://www.walmart.com/ip/139393939,2,52.94,52.94,26.47,
1228098,45,Walmart,140404040-e923,"Yankee Candle Balsam & Cedar Scented, Classic 22oz Large Jar Single Wick Candle",https://www.walmart.com/ip/140404040-e923,1,27.88,27.88,27.88,
1228098,45,Walmart,999999999,"Samsung 32"" Class HD (720P) LED TV (UN32M4500B)",https://www.walmart.com/ip/999999999,1,128.00,128.00,128.00,
1228098,45,Walmart,155555555,"Equate Health Omeprazole Delayed Release Tablets 20 mg, 28 Count",https://www.walmart.com/ip/155555555,1,14.88,14.88,14.88,FSA_HSA
1228098,45,Walmart,149494949-c232,SanDisk 128GB Ultra microSDXC UHS-I Memory Card with Adapter,https://www.walmart.com/ip/149494949-c232,1,18.99,18.99,18.99,
1228098,45,Walmart,132323232,"Equate Mini Nicotine Lozenge, Mint Flavored, 4 mg, 108 Count",https://www.walmart.com/ip/132323232,2,49.94,49.94,24.97,FSA_HSA
9876621,45,Walmart,142424242,VIZIO 2.1 Sound Bar System with Wireless Subwoofer,https://www.walmart.com/ip/142424242,2,156.00,156.00,78.00,
9876621,45,Walmart,124242424,"Equate Alcohol Prep Pads, Sterile, Medium, 200 Count",https://www.walmart.com/ip/124242424,1,3.58,3.58,3.58,FSA_HSA
9876621,45,Walmart,135353535,"Equate Flushable Wipes, 5 Packs of 48, 240 Wipes Total",https://www.walmart.com/ip/135353535,1,8.97,8.97,8.97,
1641623,45,Walmart,117788990-e2db,"Graco Simple Sway Baby Swing with Gentle, Side-to-Side Swaying Motion",https://www.walmart.com/ip/117788990-e2db,1,89.00,89.00,89.00,
1641623,45,Walmart,707070707-34e2,Mainstays 5-Piece Knife Set with Ergonomic Handles and Stainless Steel Blades,https://www.walmart.com/ip/707070707-34e2,1,9.74,9.74,9.74,
1641623,45,Walmart,121212121-16ea,"Dove Refreshing Cucumber & Green Tea 0% Aluminum Deodorant, 2.7 oz, Pack of 2",https://www.walmart.com/ip/121212121-16ea,1,10.48,10.48,10.48,
1641623,45,Walmart,123232323-4bf9,Roku Streaming Stick+ | HD/4K/HDR Streaming Device with Long-range Wireless and Voice Remote,https://www.walmart.com/ip/123232323-4bf9,3,132.00,132.00,44.00,
1641623,45,Walmart,113344556,"Apple AirPods with Charging Case (Wired), White",https://www.walmart.com/ip/113344556,2,198.00,198.00,99.00,
1641623,45,Walmart,909090909,"Hoover PowerDash Pet Compact Carpet Cleaner, Lightweight and Portable",https://www.walmart.com/ip/909090909,1,99.00,99.00,99.00,
1641623,45,Walmart,202020202,"Great Value Ultra Strong Paper Towels, Split Sheets, 6 Double Rolls",https://www.walmart.com/ip/202020202,1,8.97,8.97,8.97,
1641623,45,Walmart,141414141-e3e3,"Hamilton Beach 2-Way Brewer Coffee Maker, Single-Serve and 12-Cup Pot, Stainless Steel",https://www.walmart.com/ip/141414141-e3e3,2,128.00,128.00,64.00,
1641623,45,Walmart,155555555-3589,"Equate Health Omeprazole Delayed Release Tablets 20 mg, 28 Count",https://www.walmart.com/ip/155555555-3589,2,29.76,29.76,14.88,FSA_HSA
1641623,45,Walmart,148484848,"Equate Beauty Fragrance-Free Facial Cleansing Towelettes, 40 Count",https://www.walmart.com/ip/148484848,1,3.97,3.97,3.97,
1641623,45,Walmart,138383838,"Brookstone Plush Throw Blanket, 50"" x 60"", Blue",https://www.walmart.com/ip/138383838,1,15.99,15.99,15.99,
1641623,45,Walmart,128282828,Apple Lightning to USB Cable (1 m),https://www.walmart.com/ip/128282828,1,15.97,15.97,15.97,
1641623,45,Walmart,142424242-9f2a,VIZIO 2.1 Sound Bar System with Wireless Subwoofer,https://www.walmart.com/ip/142424242-9f2a,1,78.00,78.00,78.00,
1641623,45,Walmart,114455667-53dc,"Equate Pregnancy Test, 3 Count",https://www.walmart.com/ip/114455667-53dc,1,7.48,7.48,7.48,FSA_HSA
1641623,45,Walmart,333333333-7817,"Duracell Coppertop AA Alkaline Batteries, 24 Count",https://www.walmart.com/ip/333333333-7817,2,32.48,32.48,16.24,
1641623,45,Walmart,134343434-b13b,"Sharpie Permanent Markers, Fine Point, Black, 12 Count",https://www.walmart.com/ip/134343434-b13b,1,6.24,6.24,6.24,
1641623,45,Walmart,888888888,"Mainstays 14-Piece Bathroom Shower Curtain Set, Grey",https://www.walmart.com/ip/888888888,3,49.41,49.41,16.47,
1641623,45,Walmart,150505050,"Equate Petroleum Jelly Skin Protectant, 13 oz",https://www.walmart.com/ip/150505050,1,2.97,2.97,2.97,
